"FullName","Length"
"C:\dev\ages-of-dominion-reborn\scripts\__pycache__\assemble_live_art.cpython-313.pyc","29835"
"C:\dev\ages-of-dominion-reborn\scripts\__pycache__\benchmark.cpython-313.opt-1.pyc","21801"
"C:\dev\ages-of-dominion-reborn\scripts\__pycache__\benchmark.cpython-313.pyc","28192"
"C:\dev\ages-of-dominion-reborn\scripts\__pycache__\image_v4_actors.cpython-313.pyc","33692"
"C:\dev\ages-of-dominion-reborn\scripts\__pycache__\interactive_4k_runner.cpython-313.pyc","35560"
"C:\dev\ages-of-dominion-reborn\scripts\__pycache__\interactive_runner_continuity.cpython-313.pyc","55308"
"C:\dev\ages-of-dominion-reborn\scripts\__pycache__\measure_all_mounts.cpython-313.pyc","3105"
"C:\dev\ages-of-dominion-reborn\scripts\__pycache__\recover_first_delivery.cpython-313.pyc","51310"
"C:\dev\ages-of-dominion-reborn\scripts\__pycache__\recover_v3.cpython-313.pyc","46515"
"C:\dev\ages-of-dominion-reborn\scripts\__pycache__\review_gates.cpython-313.pyc","36656"
"C:\dev\ages-of-dominion-reborn\scripts\__pycache__\test_clean_substitutions.cpython-313.pyc","4207"
"C:\dev\ages-of-dominion-reborn\scripts\__pycache__\verify_layout_geometry.cpython-313.pyc","3982"
"C:\dev\ages-of-dominion-reborn\scripts\__pycache__\vertex-production.cpython-313.opt-1.pyc","34395"
"C:\dev\ages-of-dominion-reborn\scripts\__pycache__\vertex-production.cpython-313.pyc","36304"
"C:\dev\ages-of-dominion-reborn\tests\__pycache__\test_runner_safeguards_offline.cpython-313.pyc","21559"
