"Path","LogicalBytes","BeforeAllocatedBytes","AfterAllocatedBytes","SavedBytes","SHA256"
"C:\dev\ages-of-dominion-reborn\assets\high-res\interactive-4k-first32-20261003\run-01-20261003-172733\packs\adventure-terrain\response.json","51494396","51494396","51494396","0","d1b667a346a3075f4de744711dcf390b5a05f8d73a111f405667fbc847af459c"
"C:\dev\ages-of-dominion-reborn\assets\high-res\interactive-4k-first32-20261003\run-01-20261003-172733\packs\adventure-terrain-desert\response.json","53987988","53987988","53987988","0","074d7cb2068bfd3c3829a27481fde697ea6d1ac20e004cf7eda5a473e7adf0f3"
"C:\dev\ages-of-dominion-reborn\assets\high-res\interactive-4k-first32-20261003\run-01-20261003-172733\packs\adventure-terrain-hills\response.json","51654444","51654444","51654444","0","9d58e3e8772c1201a150f79e6e948cdc49c413085757a681ee23d541a6ba6876"
"C:\dev\ages-of-dominion-reborn\assets\high-res\interactive-4k-first32-20261003\run-01-20261003-172733\packs\adventure-terrain-plains\response.json","54987004","54987004","54987004","0","35044b9044eda61691abdd0eb15ae4094e5ca5ff2a7469c8fb6b1c8224e9c6c4"
"C:\dev\ages-of-dominion-reborn\assets\high-res\interactive-4k-first32-20261003\run-01-20261003-172733\packs\adventure-terrain-ruins\response.json","51141784","51141784","51141784","0","256038997b52b2d7f43090d2253b7cf581f96f20200f30b6347860941c251ccd"
"C:\dev\ages-of-dominion-reborn\assets\high-res\interactive-4k-first32-20261003\run-01-20261003-172733\packs\adventure-terrain-snow\response.json","51573692","51573692","51573692","0","f9cb3a845145f09cd078cab924395d34785dfe24e0a23d441a6c1497a2bbe896"
"C:\dev\ages-of-dominion-reborn\assets\high-res\interactive-4k-first32-20261003\run-01-20261003-172733\packs\adventure-terrain-swamp\response.json","49115856","49115856","49115856","0","66a3b89bdd64a79646a490288c2f2c68a20e4603744c2ceb00d8289418fe4d6e"
"C:\dev\ages-of-dominion-reborn\assets\high-res\interactive-4k-first32-20261003\run-01-20261003-172733\packs\adventure-terrain-waste\response.json","49114392","49114392","49114392","0","e08c6d668ddbe539839c27789fa46f5082c158f862d07e87819e7729d41a40a5"
"C:\dev\ages-of-dominion-reborn\assets\high-res\interactive-4k-first32-20261003\run-01-20261003-172733\packs\tactical-terrain\response.json","726","726","726","0","0aa24a3946fe7d4a3e6065267d54302ab05ceea814e9c60e3694b7a9106028f9"
"C:\dev\ages-of-dominion-reborn\assets\high-res\interactive-4k-first32-20261003\run-01-20261003-172733\packs\tactical-terrain-desert\response.json","52098396","52098396","52098396","0","b41fb92c007ab8bf7caed8d1b992c62d97456de2dc83811aba5edbfd8940da50"
"C:\dev\ages-of-dominion-reborn\assets\high-res\interactive-4k-first32-20261003\run-01-20261003-172733\packs\tactical-terrain-hills\response.json","55044924","55044924","55044924","0","fb8b69ebb8673dc83c5500e8cd1abf8af7d62ba14db36ea966acc2641f2af65e"
"C:\dev\ages-of-dominion-reborn\assets\high-res\interactive-4k-first32-20261003\run-01-20261003-172733\packs\tactical-terrain-plains\response.json","54050300","54050300","54050300","0","fa602e4c372b7ea09f4ef7ea08ed0cd7df2c78f5a0acf1ffe85d46ba7daeb037"
"C:\dev\ages-of-dominion-reborn\assets\high-res\interactive-4k-first32-20261003\run-01-20261003-172733\packs\tactical-terrain-swamp\response.json","51500776","51500776","51500776","0","87351a2f0313aa69a471f4b605922d510ce41f6042258a40e6f5008352578775"
"C:\dev\ages-of-dominion-reborn\assets\high-res\interactive-4k-first32-20261003\run-02-20261004-010239\packs\defense-terrain\response.json","51916720","51916720","51916720","0","b6b55bb30e161baab5c2afa39dd5a89a1db233d58a0bc55e52c2dc104196e89e"
"C:\dev\ages-of-dominion-reborn\assets\high-res\interactive-4k-first32-20261003\run-02-20261004-010239\packs\defense-terrain-plains\response.json","52489332","52489332","52489332","0","03bc9426f5d820ab9f76219e5a755519068d6818c228898e771b7187ec2e8512"
"C:\dev\ages-of-dominion-reborn\assets\high-res\interactive-4k-first32-20261003\run-02-20261004-010239\packs\tactical-terrain-ruins\response.json","52304544","52304544","52304544","0","69242b40f3fa361a6bddb26f44db62dc0b73b551cd8b4ec7c47ecae24a4a7e1a"
"C:\dev\ages-of-dominion-reborn\assets\high-res\interactive-4k-first32-20261003\run-02-20261004-010239\packs\tactical-terrain-waste\response.json","52539212","52539212","52539212","0","4f83278ac460a134d115d8fede279fe22ba6dcc36c013628bec27627c45c1a72"
"C:\dev\ages-of-dominion-reborn\assets\high-res\interactive-4k-first32-20261003\run-03-20261004-012700\packs\defense-terrain-hills\response.json","52570256","52570256","52570256","0","72c6023359aa8f01c86c2c08604d61e228f0ab1ed2f607fe4e12c02561e60eca"
"C:\dev\ages-of-dominion-reborn\assets\high-res\interactive-4k-first32-20261003\run-04-20261004-013946\packs\defense-terrain-desert\response.json","52719344","52719344","52719344","0","c2745150aa6562ac575831e8bd4f3ce8b916f3d553a85d1e90db5fb2f10784af"
"C:\dev\ages-of-dominion-reborn\assets\high-res\interactive-4k-first32-20261003\run-04-20261004-013946\packs\defense-terrain-ruins\response.json","50473180","50473180","50473180","0","f29087b182a41b7912f99ec30020ab9afc68f4fe54283c7cdab3115b19874526"
"C:\dev\ages-of-dominion-reborn\assets\high-res\interactive-4k-first32-20261003\run-04-20261004-013946\packs\defense-terrain-snow\response.json","47622175","47622175","47622175","0","b4a05de9b21e0a341bf7243ba63a07a5fe0421029f1e96295d2defe40748d6f5"
"C:\dev\ages-of-dominion-reborn\assets\high-res\interactive-4k-first32-20261003\run-04-20261004-013946\packs\defense-terrain-swamp\response.json","48518404","48518404","48518404","0","7326acb3e2e1675345437d049fdaa7b953cfa6a434db80bd91a7d9a522282ee8"
"C:\dev\ages-of-dominion-reborn\assets\high-res\interactive-4k-first32-20261003\run-04-20261004-013946\packs\defense-terrain-waste\response.json","49622607","49622607","49622607","0","20b45194130dfba0d4ee3a4bfd64b10544bf2c55bbc2f060036c693a5c4e4a70"
"C:\dev\ages-of-dominion-reborn\assets\high-res\interactive-4k-first32-20261003\run-05-tactical-retry-20261004-015857\packs\tactical-terrain\response.json","53929408","53929408","53929408","0","9a2f83825c8cd331f7383c5f9eaa0c76db0cfda7ae481a5785112e1790367f31"
"C:\dev\ages-of-dominion-reborn\assets\high-res\interactive-4k-first32-20261003\run-05-tactical-retry-20261004-015857\packs\tactical-terrain-snow\response.json","47240700","47240700","47240700","0","518f94a40cf178b3a0f32f6dae2ccfc30748e2caab0736b929b03d6e9c1f5603"
"C:\dev\ages-of-dominion-reborn\assets\high-res\interactive-4k-first32-20261003\run-06-kingdom-20261004-023321\packs\kingdom-terrain-bronze\response.json","48287512","48287512","48287512","0","86f1625c49aed47003b7cd6b4686c167bbfb81e4b8bcf385557f4e27aec336fa"
"C:\dev\ages-of-dominion-reborn\assets\high-res\interactive-4k-first32-20261003\run-06-kingdom-20261004-023321\packs\kingdom-terrain-future\response.json","48203584","48203584","48203584","0","7f0e608ed8d198632dbcd5b2eea6d8fb95f6a99becec00a90b33d78d39c9dccf"
"C:\dev\ages-of-dominion-reborn\assets\high-res\interactive-4k-first32-20261003\run-06-kingdom-20261004-023321\packs\kingdom-terrain-gunpowder\response.json","50150908","50150908","50150908","0","acbfbe9d859102af6ce192b5211cfd90303d497ca79d1aaf8c5c66b0a57e32e1"
"C:\dev\ages-of-dominion-reborn\assets\high-res\interactive-4k-first32-20261003\run-06-kingdom-20261004-023321\packs\kingdom-terrain-industrial\response.json","50555880","50555880","50555880","0","9286468efc87703aa4d354b4bc12e17d38a0ec9403d6b07151ad00ddf4187a75"
"C:\dev\ages-of-dominion-reborn\assets\high-res\interactive-4k-first32-20261003\run-06-kingdom-20261004-023321\packs\kingdom-terrain-iron\response.json","52695143","52695143","52695143","0","15f4332ae373be2bbd276ea5ed37d595f5039d7d22b76442a2be93e930851c62"
"C:\dev\ages-of-dominion-reborn\assets\high-res\interactive-4k-first32-20261003\run-06-kingdom-20261004-023321\packs\kingdom-terrain-medieval\response.json","51868460","51868460","51868460","0","fb0b0c7f29ffd71f6e757a1cf7b15bbdb76fd19de6340b55e712fcc2ae45762e"
"C:\dev\ages-of-dominion-reborn\assets\high-res\interactive-4k-first32-20261003\run-06-kingdom-20261004-023321\packs\kingdom-terrain-modern\response.json","50783059","50783059","50783059","0","a4ea986fb166d8cb81692d7678a1b73d96e8c2081f2a78b0ba7dd32f754e0caf"
"C:\dev\ages-of-dominion-reborn\assets\high-res\interactive-4k-first32-20261003\run-06-kingdom-20261004-023321\packs\kingdom-terrain-stone\response.json","48946852","48946852","48946852","0","c52ca79edf683e57cd58ae9c6123e09b1d9d04976f5f5657604e3be8aba84cd8"
"C:\dev\ages-of-dominion-reborn\assets\high-res\later73-preparation-packs\hero-mount-future-transport\request_body.json","1656380","1656380","1656380","0","b190ee54f5cde1e84cd57f7581356e9cf45d781439a2621a5e365934259d2b13"
"C:\dev\ages-of-dominion-reborn\assets\high-res\later73-preparation-packs\hero-mount-future-transport\response.json","10277602","10277602","10277602","0","c6bb784c1f9184dbc4e6d5352aace7c90807cf941052bb713c131be1694af300"
"C:\dev\ages-of-dominion-reborn\assets\high-res\later73-preparation-packs\hero-mount-horse\request_body.json","1777098","1777098","1777098","0","e7a5a569db21eeda3402cd6c752d69f69d21916ce1afdbbeb826265ff549be75"
"C:\dev\ages-of-dominion-reborn\assets\high-res\later73-preparation-packs\hero-mount-horse\response.json","9933618","9933618","9933618","0","325376493ee5dcbacdca8499b1996272af273f0e0a6b0794e5efacff37fdd982"
"C:\dev\ages-of-dominion-reborn\assets\high-res\later73-preparation-packs\hero-mount-motor-transport\request_body.json","1813211","1813211","1813211","0","a2f432e48b9aae169cf0dae222d6863642689b12b83794f9363dc55154e81ba5"
"C:\dev\ages-of-dominion-reborn\assets\high-res\later73-preparation-packs\hero-mount-motor-transport\response.json","11539704","11539704","11539704","0","55ef409f6a261583a8ad5c186dddecb25dd382c629a881c51d4e1a0eed00a2e1"
"C:\dev\ages-of-dominion-reborn\assets\high-res\later73-preparation-packs\knight-mounted-master\request_body.json","1792087","1792087","1792087","0","4a464654b9d613f673a3184e7714bc156ab5320f357a9ab84cf9cad1d5cee760"
"C:\dev\ages-of-dominion-reborn\assets\high-res\later73-preparation-packs\knight-mounted-master\response.json","13852994","13852994","13852994","0","1a5a7dc86acec89a920e6703857b067757bba7de718eb40aad7e41a86237a47c"
"C:\dev\ages-of-dominion-reborn\assets\high-res\later73-preparation-packs\portrait-ancient-barbarian\request_body.json","1720240","1720240","1720240","0","eaaa4b8d91d88aea84c78cc77d7c8b31e4aeb083c7d48ba13b7105b2c706c9fa"
"C:\dev\ages-of-dominion-reborn\assets\high-res\later73-preparation-packs\portrait-ancient-barbarian\response.json","11568882","11568882","11568882","0","12abe769a7935654cdf98484ab3d14dea88a34a803efb0884fcbb07d809ef046"
"C:\dev\ages-of-dominion-reborn\assets\high-res\later73-preparation-packs\portrait-ancient-healer\request_body.json","2055762","2055762","2055762","0","730817dd0824ef960888618739defc91a711914031f41599377676e1449e5f96"
"C:\dev\ages-of-dominion-reborn\assets\high-res\later73-preparation-packs\portrait-ancient-healer\response.json","12235057","12235057","12235057","0","34d389537300597c1e5bf97daff0ea486e8dabc1d8e57f26ca05e0463c2d887f"
"C:\dev\ages-of-dominion-reborn\assets\high-res\later73-preparation-packs\portrait-ancient-mage\request_body.json","2022783","2022783","2022783","0","b54608d10b9db9fa2ab67d77248c8434c52842dfee6cb5c5d224405b0c66e939"
"C:\dev\ages-of-dominion-reborn\assets\high-res\later73-preparation-packs\portrait-ancient-mage\response.json","12831585","12831585","12831585","0","120ef9b312e6aeae610096bcd226331f24a190c9d1298fd208ce02aaefb23f4c"
"C:\dev\ages-of-dominion-reborn\assets\high-res\later73-preparation-packs\portrait-ancient-necromancer\request_body.json","1642830","1642830","1642830","0","8f8b0d91cc144d00dcf2762d9236cd86992389056c471707e51dd5e471a14e00"
"C:\dev\ages-of-dominion-reborn\assets\high-res\later73-preparation-packs\portrait-ancient-necromancer\response.json","11672406","11672406","11672406","0","196942a694c294e89ec020932dabb332d8071569047fbd048dda7b10fd7637e0"
"C:\dev\ages-of-dominion-reborn\assets\high-res\later73-preparation-packs\portrait-ancient-paladin\request_body.json","1889054","1889054","1889054","0","8ac9cdc4e7c50a3983d28007aa5845a114221014f88dfd9c6b9e0288a3b3a4ed"
"C:\dev\ages-of-dominion-reborn\assets\high-res\later73-preparation-packs\portrait-ancient-paladin\response.json","12631610","12631610","12631610","0","8b2ffcfa196a2ccfd4a98102321c2a5bc76e7d76ffb6fba6b0b5b27ef171a01b"
"C:\dev\ages-of-dominion-reborn\assets\high-res\later73-preparation-packs\portrait-ancient-ranger\request_body.json","1986562","1986562","1986562","0","a23ac35f9da759385db7ffe5f66c89f3e273a9b1a805ef5f0ec902da4d053e9a"
"C:\dev\ages-of-dominion-reborn\assets\high-res\later73-preparation-packs\portrait-ancient-ranger\response.json","12475618","12475618","12475618","0","6b89cf058580ca6dcf7684f1b0b770fe03a103be66e05c091973d3b3c3b00e7e"
"C:\dev\ages-of-dominion-reborn\assets\high-res\later73-preparation-packs\portrait-ancient-warlock\request_body.json","3126132","3126132","3126132","0","3b82ba9bd9cb3732e0b23c79984ce7eb75630e6b41d26f1237bc2ce9f8ca59af"
"C:\dev\ages-of-dominion-reborn\assets\high-res\later73-preparation-packs\portrait-ancient-warlock\response.json","13611998","13611998","13611998","0","469203ce1db10f0e3911f8d1b1c329619d38b687fae6747628d143fdb4739070"
"C:\dev\ages-of-dominion-reborn\assets\high-res\later73-preparation-packs\portrait-mech-barbarian\request_body.json","1809586","1809586","1809586","0","31d926aabb070df951ce19d08e8dbb4cda09895dcc0099b791f060bf5d072783"
"C:\dev\ages-of-dominion-reborn\assets\high-res\later73-preparation-packs\portrait-mech-barbarian\response.json","12807172","12807172","12807172","0","d0ea875707132231228dfcf859c83d23e24c118fc9e1e9739610cb9b0c634b13"
"C:\dev\ages-of-dominion-reborn\assets\high-res\later73-preparation-packs\portrait-mech-healer\request_body.json","1643820","1643820","1643820","0","50fbc67956355c476e7384d5b2df367175a27b1045fb3dbae9be826e3d80dd0a"
"C:\dev\ages-of-dominion-reborn\assets\high-res\later73-preparation-packs\portrait-mech-healer\response.json","12473253","12473253","12473253","0","b56c3db6db72d655fa50f471f86b351cee11a4dfd709151f4c0e7e15cf073605"
"C:\dev\ages-of-dominion-reborn\assets\high-res\later73-preparation-packs\portrait-mech-knight\request_body.json","1743137","1743137","1743137","0","2918a21c9196f6452f0c0152992d94d5c14344e4cc46390015503935c59d226c"
"C:\dev\ages-of-dominion-reborn\assets\high-res\later73-preparation-packs\portrait-mech-knight\response.json","13139929","13139929","13139929","0","bb2e07212ee0b835b79d5e696174a557b4f2363c5f6e732008a609a04f280e82"
"C:\dev\ages-of-dominion-reborn\assets\high-res\later73-preparation-packs\portrait-mech-mage\request_body.json","1685137","1685137","1685137","0","22a7cdee9e71d69086255d0ba8b57bae0fe17e15b3dbc04ad61a7d29a7f934eb"
"C:\dev\ages-of-dominion-reborn\assets\high-res\later73-preparation-packs\portrait-mech-mage\response.json","12271477","12271477","12271477","0","524af4881fce29be7b88ef7467abebb8080f407bbbb4de46aade23ab5b36d892"
"C:\dev\ages-of-dominion-reborn\assets\high-res\later73-preparation-packs\portrait-mech-necromancer\request_body.json","1886031","1886031","1886031","0","87a41308d2004b04b5cc5f4712110db29f23f7e92c8966a7367b35511d4db3d4"
"C:\dev\ages-of-dominion-reborn\assets\high-res\later73-preparation-packs\portrait-mech-necromancer\response.json","12894762","12894762","12894762","0","88d42ee92fc566a3ee447df37145deb16da03bb5db283d42dae8481008dfdf69"
"C:\dev\ages-of-dominion-reborn\assets\high-res\later73-preparation-packs\portrait-mech-paladin\request_body.json","1706491","1706491","1706491","0","03b2173c72caf00d440a78d183435e874f6caf774b5bb0c61f23629fc6603949"
"C:\dev\ages-of-dominion-reborn\assets\high-res\later73-preparation-packs\portrait-mech-paladin\response.json","13426877","13426877","13426877","0","576a674fa2f0d37a9a783446d2309152a351eb707128d92777ebfd41b35e34eb"
"C:\dev\ages-of-dominion-reborn\assets\high-res\later73-preparation-packs\portrait-mech-ranger\request_body.json","1595877","1595877","1595877","0","12761fa6b058907fb435d7a5897560781c890dd1dcf35a72d736038edff18cf5"
"C:\dev\ages-of-dominion-reborn\assets\high-res\later73-preparation-packs\portrait-mech-ranger\response.json","11324265","11324265","11324265","0","4b53d63bc3916d5b12e0c675fb5956e296928ce1db7057587572a780237749ad"
"C:\dev\ages-of-dominion-reborn\assets\high-res\later73-preparation-packs\portrait-mech-warlock\request_body.json","1676017","1676017","1676017","0","69841e15ac656dc8d74b792bff9c9e20c561ef26290ca534551f482649cbf7da"
"C:\dev\ages-of-dominion-reborn\assets\high-res\later73-preparation-packs\portrait-mech-warlock\response.json","12626485","12626485","12626485","0","30fbc5997a878c1f509f8bb67e8aa4b1a8f7647349e28a2f83ec7b64f2665348"
"C:\dev\ages-of-dominion-reborn\assets\high-res\later73-preparation-packs\portrait-medieval-barbarian\request_body.json","1552309","1552309","1552309","0","80c126ad51c7de565c8eed5b238cd07a8e184cf8b911934bd24c41a662e41266"
"C:\dev\ages-of-dominion-reborn\assets\high-res\later73-preparation-packs\portrait-medieval-barbarian\response.json","12525022","12525022","12525022","0","344963d0d6d8536be380343e62c04b5297c11c8735df9e0d0d36cd39af980178"
"C:\dev\ages-of-dominion-reborn\assets\high-res\later73-preparation-packs\portrait-medieval-healer\request_body.json","1529170","1529170","1529170","0","7815f2f84c8f811ad72f3e85cb3cc4fca9e0068b41c49b94129bbd8b76fcf7d2"
"C:\dev\ages-of-dominion-reborn\assets\high-res\later73-preparation-packs\portrait-medieval-healer\response.json","11380661","11380661","11380661","0","6bb58f6c80b9814024a4264e88392786522d0de3ac56e2de99eabb369141ca32"
"C:\dev\ages-of-dominion-reborn\assets\high-res\later73-preparation-packs\portrait-medieval-knight\request_body.json","1509252","1509252","1509252","0","08c29184c41b15b02c2fd74b92908e522259ca228b04611de5b3d8cdd04d8b66"
"C:\dev\ages-of-dominion-reborn\assets\high-res\later73-preparation-packs\portrait-medieval-knight\response.json","11580705","11580705","11580705","0","31a60c899b5d8c2e70d4cd073c12ac80d82e4fbb7149bae0a2856dab5c92288e"
"C:\dev\ages-of-dominion-reborn\assets\high-res\later73-preparation-packs\portrait-medieval-mage\request_body.json","1686468","1686468","1686468","0","43464acbccd37b06ba1cb42e9aed8bce86578809eaf74c8d177ff4e2e65e3008"
"C:\dev\ages-of-dominion-reborn\assets\high-res\later73-preparation-packs\portrait-medieval-mage\response.json","11309153","11309153","11309153","0","76977aee45d606361ceee3f6ab0ecc1d3be07d2905fbc5090fa90b7618aabf1a"
"C:\dev\ages-of-dominion-reborn\assets\high-res\later73-preparation-packs\portrait-medieval-necromancer\request_body.json","1679137","1679137","1679137","0","2264d3da5a42e1f4614826535fc19204e222e6ddc647b6d7b0e723bcaa12f94a"
"C:\dev\ages-of-dominion-reborn\assets\high-res\later73-preparation-packs\portrait-medieval-necromancer\response.json","12410618","12410618","12410618","0","c3f5f929a0b9c8ac5e0b2f1c61ea0fc76f69cb90c4170a0369f028895e4479c0"
"C:\dev\ages-of-dominion-reborn\assets\high-res\later73-preparation-packs\portrait-medieval-paladin\request_body.json","1742423","1742423","1742423","0","9b37059a8de8c3ef93fa50b29809c2cc730985f0703ea64a943cf105d1fdc9c3"
"C:\dev\ages-of-dominion-reborn\assets\high-res\later73-preparation-packs\portrait-medieval-paladin\response.json","13151901","13151901","13151901","0","8ab6fab98bb4d3c932e06e9dcec10441f9be8d8a492b05f9f831c0ed4c94acf2"
"C:\dev\ages-of-dominion-reborn\assets\high-res\later73-preparation-packs\portrait-medieval-ranger\request_body.json","1694675","1694675","1694675","0","bcdf2cb985dfef22da0fa0e6206fcebe66171f1ba47cbece266d439fbbb5e187"
"C:\dev\ages-of-dominion-reborn\assets\high-res\later73-preparation-packs\portrait-medieval-ranger\response.json","12623162","12623162","12623162","0","e50b5c0f6f8b5d57d83bbab4510ef8e22f1926da7101798a5e620f50cbd5c706"
"C:\dev\ages-of-dominion-reborn\assets\high-res\later73-preparation-packs\portrait-medieval-warlock\request_body.json","1656092","1656092","1656092","0","40386c951e9494bfa28498d19a20a857bac12c79b9dba23882c5f6f61f4dc30f"
"C:\dev\ages-of-dominion-reborn\assets\high-res\later73-preparation-packs\portrait-medieval-warlock\response.json","12026210","12026210","12026210","0","b38dbe73cc4453fc11f4f8188877afdf643f1da59c5bbbe9440abbd8b5f6ee25"
"C:\dev\ages-of-dominion-reborn\assets\high-res\later73-preparation-packs\portrait-powder-barbarian\request_body.json","1641901","1641901","1641901","0","4803017d3eea6a33c74f71fc629c0cec48d251072d5306223aa66f62dcdec00a"
"C:\dev\ages-of-dominion-reborn\assets\high-res\later73-preparation-packs\portrait-powder-barbarian\response.json","12159969","12159969","12159969","0","25d5a97b0eb2b20fd2f0d9706d1e1522beccad5a838abb9c2e42b2ed83a5ac92"
"C:\dev\ages-of-dominion-reborn\assets\high-res\later73-preparation-packs\portrait-powder-healer\request_body.json","1495502","1495502","1495502","0","1003279fd36d5dff98fbfccc2aa1b67acc3f2ccec3b81250e2d0af862ce69b00"
"C:\dev\ages-of-dominion-reborn\assets\high-res\later73-preparation-packs\portrait-powder-healer\response.json","10291104","10291104","10291104","0","f73fa537dd10607c4f32d34f55b569f880e2e0c46b6aa935cde27d772ca1ef3b"
"C:\dev\ages-of-dominion-reborn\assets\high-res\later73-preparation-packs\portrait-powder-knight\request_body.json","1515950","1515950","1515950","0","2c7a8f65fb1d5009191583b70a7a292a1feabe165ee1bf0c83c424446bd5742a"
"C:\dev\ages-of-dominion-reborn\assets\high-res\later73-preparation-packs\portrait-powder-knight\response.json","10849038","10849038","10849038","0","b8c6d12c124f60ab7f3679a366cb88fd687d98c778047a1e038396e5874c19d4"
"C:\dev\ages-of-dominion-reborn\assets\high-res\later73-preparation-packs\portrait-powder-mage\request_body.json","1855011","1855011","1855011","0","00243e3ed1ba1b964e3573a718459ae40da2ae99291797cdc8460c1e101e4478"
"C:\dev\ages-of-dominion-reborn\assets\high-res\later73-preparation-packs\portrait-powder-mage\response.json","11702241","11702241","11702241","0","b3b7d831d83483d64b6be737740b75a79a3ee5b4ab63a359447fc74d45b5d197"
"C:\dev\ages-of-dominion-reborn\assets\high-res\later73-preparation-packs\portrait-powder-necromancer\request_body.json","1598846","1598846","1598846","0","b8eee717fdaa7c8c3246f8ffc04149efa61123522c002a622cb62499ab0e6c36"
"C:\dev\ages-of-dominion-reborn\assets\high-res\later73-preparation-packs\portrait-powder-necromancer\response.json","12345265","12345265","12345265","0","491088e19902a4b4a197d9d0620cf510472e62d1530f28901ee77fc2c01fc689"
"C:\dev\ages-of-dominion-reborn\assets\high-res\later73-preparation-packs\portrait-powder-paladin\request_body.json","1611978","1611978","1611978","0","7bd19f0db72f2d5e6d04f52e28f8d6ff20b34e7f01591c8b2855b2ea9ced65aa"
"C:\dev\ages-of-dominion-reborn\assets\high-res\later73-preparation-packs\portrait-powder-paladin\response.json","12076513","12076513","12076513","0","f07c5b6f1e8e78c2d6ae57a5872db5d267db098cfb931ff9825e1a1c78933062"
"C:\dev\ages-of-dominion-reborn\assets\high-res\later73-preparation-packs\portrait-powder-ranger\request_body.json","1568790","1568790","1568790","0","c37a22837d6d11d2b5c0bd40e497f8b5e3378b9074df29196415012e20fd0474"
"C:\dev\ages-of-dominion-reborn\assets\high-res\later73-preparation-packs\portrait-powder-ranger\response.json","10845721","10845721","10845721","0","d5bd61c6a3ced7165ac0543e7011adc619d6cac50cab7d1bf3fdfdb0319469bb"
"C:\dev\ages-of-dominion-reborn\assets\high-res\later73-preparation-packs\portrait-powder-warlock\request_body.json","1542396","1542396","1542396","0","6b829673ffba23241eaaa75b150c89797c38c0d9e3321aadfa2806b77d5e6f80"
"C:\dev\ages-of-dominion-reborn\assets\high-res\later73-preparation-packs\portrait-powder-warlock\response.json","11480777","11480777","11480777","0","7f816fbf77c6e6f2c7a36140db8cdd026ca42bd757a21a799569bcc5072ec3f6"
"C:\dev\ages-of-dominion-reborn\assets\high-res\later73-preparation-packs\rig-source-parts-barbarian\request_body.json","2082684","2082684","2082684","0","5c6f5a1b6230270462a794f4f8295603dcdee0d6f9222603ad7f879dbd803b4f"
"C:\dev\ages-of-dominion-reborn\assets\high-res\later73-preparation-packs\rig-source-parts-barbarian\response.json","10953562","10953562","10953562","0","058c4b7c669edaaa3611437d0de94f7ebf57103b77cc7b8ef6e10666f3349b97"
"C:\dev\ages-of-dominion-reborn\assets\high-res\later73-preparation-packs\rig-source-parts-healer\request_body.json","2064151","2064151","2064151","0","d4bc6458400bb97581bd0b18e4be5e08ffa44191d1460e140bb3ef8c4af34833"
"C:\dev\ages-of-dominion-reborn\assets\high-res\later73-preparation-packs\rig-source-parts-healer\response.json","11378346","11378346","11378346","0","d91665830729dbf1f2bc21be22c9a2a199a833f5ffbbbefe7d3e704b325d4fad"
"C:\dev\ages-of-dominion-reborn\assets\high-res\later73-preparation-packs\rig-source-parts-knight\request_body.json","1997203","1997203","1997203","0","1b18f382773d5a0c26e526255b41015e7b16034529f4e470d89cb07596ed21ee"
"C:\dev\ages-of-dominion-reborn\assets\high-res\later73-preparation-packs\rig-source-parts-knight\response.json","11162482","11162482","11162482","0","2e2dd2f313887847f6daac1564e410b4c329efc9b519a3f5e08578e7a63592a5"
"C:\dev\ages-of-dominion-reborn\assets\high-res\later73-preparation-packs\rig-source-parts-mage\request_body.json","1592993","1592993","1592993","0","f2654732b14352dbfa21fc649623b9a3bc8287a527f1b0e668924e6ff74ee97f"
"C:\dev\ages-of-dominion-reborn\assets\high-res\later73-preparation-packs\rig-source-parts-mage\response.json","8806674","8806674","8806674","0","6e9c223ffa27022e07b60606b52a1367f4c66a505f7d29de484c5185d7a268c5"
"C:\dev\ages-of-dominion-reborn\assets\high-res\later73-preparation-packs\rig-source-parts-necromancer\request_body.json","2063010","2063010","2063010","0","f6646dcdc7426dc75b09e4afe941e627cbfd8a5aac27be1c42fe93913047ae05"
"C:\dev\ages-of-dominion-reborn\assets\high-res\later73-preparation-packs\rig-source-parts-necromancer\response.json","10163686","10163686","10163686","0","0d178fdecec80378d9a4155fdd6950d63f8f52de5884c40587151acfc424a360"
"C:\dev\ages-of-dominion-reborn\assets\high-res\later73-preparation-packs\rig-source-parts-paladin\request_body.json","1683878","1683878","1683878","0","182e23d0c3e7ede4b75cca8f7ce5b1984ae16b2b87b06c0f09dc98b4e4cea2bf"
"C:\dev\ages-of-dominion-reborn\assets\high-res\later73-preparation-packs\rig-source-parts-paladin\response.json","9522258","9522258","9522258","0","322dd1783704d5af2e07dfa01de636ed364c93923e3f0ceb1ef094385c26f84e"
"C:\dev\ages-of-dominion-reborn\assets\high-res\later73-preparation-packs\rig-source-parts-ranger\request_body.json","1939295","1939295","1939295","0","7a3b3f3a6673eb17829d33dc15e713f75c6bc2c8b011a3f13219f435ffc65dfb"
"C:\dev\ages-of-dominion-reborn\assets\high-res\later73-preparation-packs\rig-source-parts-ranger\response.json","9330730","9330730","9330730","0","8ba1b0064037c9a5d42e7561d70b9f33e2f247484c1079c2fd28c46d0607169e"
"C:\dev\ages-of-dominion-reborn\assets\high-res\later73-preparation-packs\rig-source-parts-warlock\request_body.json","1802778","1802778","1802778","0","fd767e47cb7abb4c6f3cc38ada9a1c6b7f3d79e72262149bacf133b8da411732"
"C:\dev\ages-of-dominion-reborn\assets\high-res\later73-preparation-packs\rig-source-parts-warlock\response.json","10004654","10004654","10004654","0","e4c7cc2fe85020e834b9dc661dee4d305656074e6e4640d1a1103824d8e41def"
"C:\dev\ages-of-dominion-reborn\assets\high-res\later73-preparation-packs\rival-identity-1\request_body.json","2223013","2223013","2223013","0","2d15485cf66d95bf89768ae27d2c33cb6f044ff9f6fd16eddc1b436f160038d0"
"C:\dev\ages-of-dominion-reborn\assets\high-res\later73-preparation-packs\rival-identity-1\response.json","12892218","12892218","12892218","0","412b932c8facdd8c77e9dd0dd78a3f03d9f205088f1bbabdd551e46790861b04"
"C:\dev\ages-of-dominion-reborn\assets\high-res\later73-preparation-packs\rival-identity-2\request_body.json","1891581","1891581","1891581","0","d15f36e469f445f1822e2f8e266859aeeb39041c0b9b6788a0630ff768c39c88"
"C:\dev\ages-of-dominion-reborn\assets\high-res\later73-preparation-packs\rival-identity-2\response.json","11429550","11429550","11429550","0","601c707410b5413c12e1da649c98c1d5143bbb6470a4a1c5f454486241d849fa"
"C:\dev\ages-of-dominion-reborn\assets\high-res\later73-preparation-packs\rival-identity-3\request_body.json","1661434","1661434","1661434","0","5240e3e66d34d73ebfe712828c5a0a928f2cba699bb098d5106602beea647e8b"
"C:\dev\ages-of-dominion-reborn\assets\high-res\later73-preparation-packs\rival-identity-3\response.json","13483205","13483205","13483205","0","5cafdee1b66550042504a9a58eb852afc7b3dc1e389e923f37ced5ae76397051"
"C:\dev\ages-of-dominion-reborn\assets\high-res\later73-preparation-packs\rival-identity-4\request_body.json","2034172","2034172","2034172","0","e211f4466d8d056374e9d83f61ce6b713037ce4fe8fe8b576f65bec2bf874b5c"
"C:\dev\ages-of-dominion-reborn\assets\high-res\later73-preparation-packs\rival-identity-4\response.json","12359493","12359493","12359493","0","ccb96f0f728a6ca6379a000c174c94271691de4b8a5d11026d44e4454f2f5e1d"
"C:\dev\ages-of-dominion-reborn\assets\high-res\later73-preparation-packs\rival-identity-5\request_body.json","1557225","1557225","1557225","0","0304a418c41afa5758cf69b5e1548313ee53fd276908835a6872f406b16e6191"
"C:\dev\ages-of-dominion-reborn\assets\high-res\later73-preparation-packs\rival-identity-5\response.json","12556280","12556280","12556280","0","93a92920669502f10352d930e295a0e5cb01ecbb573d5e99d1238ea0650c862a"
"C:\dev\ages-of-dominion-reborn\assets\high-res\later73-preparation-packs\rival-identity-6\request_body.json","1931552","1931552","1931552","0","bf927a4c888e084cefd14f727fa6e69e727c7774145cfa91a834122572ef9a11"
"C:\dev\ages-of-dominion-reborn\assets\high-res\later73-preparation-packs\rival-identity-6\response.json","11879689","11879689","11879689","0","0a516427e0d1ea38d2f9b22480b3fc76e65155902a5572c2c17890218cd8f4ce"
"C:\dev\ages-of-dominion-reborn\assets\high-res\later73-preparation-packs\troop-bronze-heavy\request_body.json","1545333","1545333","1545333","0","21185c5fe4d87afd82022bfe83b6975351366b6a45093452fa8304c5a678eff8"
"C:\dev\ages-of-dominion-reborn\assets\high-res\later73-preparation-packs\troop-bronze-heavy\response.json","11085930","11085930","11085930","0","6e6cae105ab3e0e53890f36a5715a4804c3c8dab58c0a0575de6531466c52c15"
"C:\dev\ages-of-dominion-reborn\assets\high-res\later73-preparation-packs\troop-bronze-melee\request_body.json","1273184","1273184","1273184","0","b2edb55be3d161562563a96ad31f007826aabe905ba4190015616c38e0c3a146"
"C:\dev\ages-of-dominion-reborn\assets\high-res\later73-preparation-packs\troop-bronze-melee\response.json","6541086","6541086","6541086","0","a0ae749072f1ae1436a267fb76c188512a2d6b53da07a28ba8dbdd1358e4f6cb"
"C:\dev\ages-of-dominion-reborn\assets\high-res\later73-preparation-packs\troop-bronze-ranged\request_body.json","1378482","1378482","1378482","0","5c7a265dcecdb524a2e6b19b2dc6b3b74ec70659b4e16a7383dab7cfc875b3fb"
"C:\dev\ages-of-dominion-reborn\assets\high-res\later73-preparation-packs\troop-bronze-ranged\response.json","8687957","8687957","8687957","0","e02acf1e8978a4e359802e48fb7e2c40d6bc364f1f08330c1208dd0ad2af0090"
"C:\dev\ages-of-dominion-reborn\assets\high-res\later73-preparation-packs\troop-future-heavy\request_body.json","1547828","1547828","1547828","0","bc2d0bc8656dbc9a83cf4f8a6fe24e2b268854486040eff30dfc2ff41c8c928a"
"C:\dev\ages-of-dominion-reborn\assets\high-res\later73-preparation-packs\troop-future-heavy\response.json","10973833","10973833","10973833","0","60ff49f2553abbbbdb6fbe3a221a118633cfebb234f4aa5951dc5494abac4650"
"C:\dev\ages-of-dominion-reborn\assets\high-res\later73-preparation-packs\troop-future-melee\request_body.json","1613420","1613420","1613420","0","0b68290d7e7d0af858dfc32f7f25e9529d38e349a2226f9b7d98092b8db0638e"
"C:\dev\ages-of-dominion-reborn\assets\high-res\later73-preparation-packs\troop-future-melee\response.json","9478141","9478141","9478141","0","642ea89c629a05e1a836c4eb45b882495fad32e4e55070183e23d1158e086101"
"C:\dev\ages-of-dominion-reborn\assets\high-res\later73-preparation-packs\troop-future-ranged\request_body.json","1520699","1520699","1520699","0","cc164f53859af5613364c5cd28ecbffc67c7bc88212b1824c71f5242b89c3c95"
"C:\dev\ages-of-dominion-reborn\assets\high-res\later73-preparation-packs\troop-future-ranged\response.json","13425909","13425909","13425909","0","cffa59ec30bfd9b2e6021938693abc8eb0cf751be5895428b47a11615be5fbb1"
"C:\dev\ages-of-dominion-reborn\assets\high-res\later73-preparation-packs\troop-gunpowder-heavy\request_body.json","1704748","1704748","1704748","0","b23958cf54dfe9be66e3d8c7cd99ee05c490d23ced6858395a13ad923e7830f2"
"C:\dev\ages-of-dominion-reborn\assets\high-res\later73-preparation-packs\troop-gunpowder-heavy\response.json","10619229","10619229","10619229","0","5a7377426b81b3257d2e59266941f52aafa637d8bb60b0e76d078436b097a15e"
"C:\dev\ages-of-dominion-reborn\assets\high-res\later73-preparation-packs\troop-gunpowder-melee\request_body.json","1254375","1254375","1254375","0","768eff92d0b5048c54dc1d9878ef35bbf3b7b7ec2e8030f11522d27d80b15afb"
"C:\dev\ages-of-dominion-reborn\assets\high-res\later73-preparation-packs\troop-gunpowder-melee\response.json","9335666","9335666","9335666","0","a6bd9fc7d3bc500f721757cb09c5f7d8514812f6a6647da4d78050d701dc521f"
"C:\dev\ages-of-dominion-reborn\assets\high-res\later73-preparation-packs\troop-gunpowder-ranged\request_body.json","1364239","1364239","1364239","0","f7874feeabd5709499fec274379c0a336f1fa95a2729392b1816695aff073ebe"
"C:\dev\ages-of-dominion-reborn\assets\high-res\later73-preparation-packs\troop-gunpowder-ranged\response.json","7608786","7608786","7608786","0","e0a3c390908dd2cd5520942d3d49773f204bca4834fec0c3c80764c88224c534"
"C:\dev\ages-of-dominion-reborn\assets\high-res\later73-preparation-packs\troop-industrial-heavy\request_body.json","1505507","1505507","1505507","0","1f94ccba9e565f7cada0184ceb95b6620b2934f4e4b57c4a671cb6519221a6b3"
"C:\dev\ages-of-dominion-reborn\assets\high-res\later73-preparation-packs\troop-industrial-heavy\response.json","8318755","8318755","8318755","0","2826022fbc95adcaaa6d1b863c9a7d6fd6f2b94f4f5bc1f266d852ae9f6b2508"
"C:\dev\ages-of-dominion-reborn\assets\high-res\later73-preparation-packs\troop-industrial-melee\request_body.json","1494763","1494763","1494763","0","570a34c1f764fae875d1dcbe6ae507ea07800db43fc2c550bd34037aec173afa"
"C:\dev\ages-of-dominion-reborn\assets\high-res\later73-preparation-packs\troop-industrial-melee\response.json","8319218","8319218","8319218","0","1f308bad8747c692a7670e894dfb632b3e36e7fd0b9e04c120aab1614f07d2b4"
"C:\dev\ages-of-dominion-reborn\assets\high-res\later73-preparation-packs\troop-industrial-ranged\request_body.json","1308263","1308263","1308263","0","6d2c689d29f9ba341d417412c3d054b56dee96927a13c6bc3da9624a0440c17b"
"C:\dev\ages-of-dominion-reborn\assets\high-res\later73-preparation-packs\troop-industrial-ranged\response.json","9848785","9848785","9848785","0","1f5682c0cfa5f99f49f3450c1720e5809ed2e3eddcb89bc22f401b39f06d5ffc"
"C:\dev\ages-of-dominion-reborn\assets\high-res\later73-preparation-packs\troop-iron-heavy\request_body.json","1499514","1499514","1499514","0","6cd2cc891a5f15807b054559ad555b51a2f556bf435bfcf537dba69a1c4e89c6"
"C:\dev\ages-of-dominion-reborn\assets\high-res\later73-preparation-packs\troop-iron-heavy\response.json","9726753","9726753","9726753","0","22affd66d8bd456e93f0d1aebbe5ef8022175f9c587de5bb6d76327ecbb4a65c"
"C:\dev\ages-of-dominion-reborn\assets\high-res\later73-preparation-packs\troop-iron-melee\request_body.json","1380943","1380943","1380943","0","61e12133f5d2a115933a1346828b4fda2acd26b4c6ae57b338f71549c60999ec"
"C:\dev\ages-of-dominion-reborn\assets\high-res\later73-preparation-packs\troop-iron-melee\response.json","5925434","5925434","5925434","0","d3fa753ae46b45f91a71c3c33c12e4c8e7c52de0ecee4cb179bde6d1309bda93"
"C:\dev\ages-of-dominion-reborn\assets\high-res\later73-preparation-packs\troop-iron-ranged\request_body.json","1532883","1532883","1532883","0","f631df6029d52a9c3b7600d01ee2a430317335bb799234ad635e87260476b788"
"C:\dev\ages-of-dominion-reborn\assets\high-res\later73-preparation-packs\troop-iron-ranged\response.json","9391162","9391162","9391162","0","d9ff1a0e36faa86ddb2e19ab9d2cb15d955fa25d3a3164d959101bf3cfbc274b"
"C:\dev\ages-of-dominion-reborn\assets\high-res\later73-preparation-packs\troop-medieval-heavy\request_body.json","1344599","1344599","1344599","0","0b9bd19e65b7ac944b290acc9b153eab4d124cc3ca6d18a0a423bd89c4f0d12c"
"C:\dev\ages-of-dominion-reborn\assets\high-res\later73-preparation-packs\troop-medieval-heavy\response.json","7229301","7229301","7229301","0","e8fa0a4031b46fb6edc2a01dd4e581455c5ba089bd47cfedc697425ddd3a330d"
"C:\dev\ages-of-dominion-reborn\assets\high-res\later73-preparation-packs\troop-medieval-melee\request_body.json","1767804","1767804","1767804","0","0e0ada558318d34fee4dcd9d733651c0997bdf40128777662799fb0c3f0dcf7f"
"C:\dev\ages-of-dominion-reborn\assets\high-res\later73-preparation-packs\troop-medieval-melee\response.json","11378406","11378406","11378406","0","5506415eb242a69b4a70f0ba82f025d0f862dbe4251a09fc63accb5b2f78b7cf"
"C:\dev\ages-of-dominion-reborn\assets\high-res\later73-preparation-packs\troop-medieval-ranged\request_body.json","1390567","1390567","1390567","0","36db690728565f97abc9d7ac66613b746d698d779028b59235e7b0c721d7421c"
"C:\dev\ages-of-dominion-reborn\assets\high-res\later73-preparation-packs\troop-medieval-ranged\response.json","9596786","9596786","9596786","0","ed418d8b5994988a05a04f4254b485f8282be563a72dc23737ad034775097368"
"C:\dev\ages-of-dominion-reborn\assets\high-res\later73-preparation-packs\troop-modern-heavy\request_body.json","1429390","1429390","1429390","0","d4cb7fb3225fd07899afd592c62736d61d38696f83356a29cc4e8e5890c14561"
"C:\dev\ages-of-dominion-reborn\assets\high-res\later73-preparation-packs\troop-modern-heavy\response.json","10942826","10942826","10942826","0","055304f1e6d958f2b744246eab1f00366e176ec7966cfb8d0fa0ff5bde80350c"
"C:\dev\ages-of-dominion-reborn\assets\high-res\later73-preparation-packs\troop-modern-melee\request_body.json","1502620","1502620","1502620","0","33ab2157559db5affff41b164c71c8ebe01caa10c798256ecfa1f3b337d728d4"
"C:\dev\ages-of-dominion-reborn\assets\high-res\later73-preparation-packs\troop-modern-melee\response.json","8960621","8960621","8960621","0","8063bd8331948c9c6ac0f21598d982eaf2bb5218adae5114e6d678c29b0da2be"
"C:\dev\ages-of-dominion-reborn\assets\high-res\later73-preparation-packs\troop-modern-ranged\request_body.json","1432795","1432795","1432795","0","bb1c1940e5ff9b6b97a5831f35ef039a8938538ce18e505314daf9ef32cbca29"
"C:\dev\ages-of-dominion-reborn\assets\high-res\later73-preparation-packs\troop-modern-ranged\response.json","10613816","10613816","10613816","0","9a0f6d559a3c0599eaef4b1659cdd655317280decabccfc0ea2a80790d5f112c"
"C:\dev\ages-of-dominion-reborn\assets\high-res\later73-preparation-packs\troop-stone-heavy\request_body.json","1575121","1575121","1575121","0","cd067423c83da9c378a84e5a8938a415e4adc7d18f5631683fb626ce179023a8"
"C:\dev\ages-of-dominion-reborn\assets\high-res\later73-preparation-packs\troop-stone-heavy\response.json","8610221","8610221","8610221","0","15117b6544547c571ab525e31b34be97d9b9fbd0f684c034647da407f4be0a3a"
"C:\dev\ages-of-dominion-reborn\assets\high-res\later73-preparation-packs\troop-stone-melee\request_body.json","1633281","1633281","1633281","0","50bf1ad4927f4fcc292b4a5e3c8b139cf30f4921362f793bc024e846da8074eb"
"C:\dev\ages-of-dominion-reborn\assets\high-res\later73-preparation-packs\troop-stone-melee\response.json","9800217","9800217","9800217","0","d76f86e098eef190d9e1258dd0713f9b364885a9b454fe044aa25e4435be4676"
"C:\dev\ages-of-dominion-reborn\assets\high-res\later73-preparation-packs\troop-stone-ranged\request_body.json","1697271","1697271","1697271","0","836cb7858d96aa84cf594daf3c626d1af5e48c8b45f1fa2505cc69ced1b1c8d8"
"C:\dev\ages-of-dominion-reborn\assets\high-res\later73-preparation-packs\troop-stone-ranged\response.json","9261569","9261569","9261569","0","d6a95917de8c89df5952ce2ee604e186b496bd355a75e442346d9861d3e9bcf8"
"C:\dev\ages-of-dominion-reborn\assets\production\production-01-20261003\provider-output\predictions.jsonl","135190042","135190042","135188480","1562","c1be63b8e9caa5e9ac47a70fb8561da44ec7384bcad9bb3bab77347c2dc30f8d"
"C:\dev\ages-of-dominion-reborn\assets\production\production-02-20261003\provider-output\predictions.jsonl","98318251","98318251","98318251","0","aa491295c96b9e05ddcc359990b6cba0cf9b415d1d6ceebecc1a1906acc8ed60"
"C:\dev\ages-of-dominion-reborn\assets\production\production-03-20261003\provider-output\predictions.jsonl","156522195","156522195","156522195","0","5c9c4a833c6d123a4aac4d1aef8d2a36840685253cdf45553b8fba4f1f97cf2e"
"C:\dev\ages-of-dominion-reborn\assets\production\production-04-20261003\provider-output\predictions.jsonl","128985617","128985617","128985617","0","caba5e4daf812a8d1259fae79bfeda9bf47eaa5ac010d73531c875bd216e76ab"
"C:\dev\ages-of-dominion-reborn\assets\production\production-05-20261003\provider-output\predictions.jsonl","123243239","123243239","123243239","0","b1ee57421d09f052b137ddaa7f8aa0ef576777bbeb2c6abb981e640d08981a64"
"C:\dev\ages-of-dominion-reborn\assets\production\production-06-20261003\provider-output\predictions.jsonl","115681129","115681129","115666944","14185","a46dcee24f161736dcde4ddbd956128a074eebead1f5d3d5f89297615f2ed22c"
"C:\dev\ages-of-dominion-reborn\assets\production\production-07-20261003\provider-output\predictions.jsonl","95351163","95351163","95351163","0","b1076b9f400fec2b38f79a99aec07b39d62dd90eb6cba7ca71cb6448954caa1e"
"C:\dev\ages-of-dominion-reborn\assets\production\production-08-20261003\provider-output\predictions.jsonl","112235228","112235228","112234496","732","575e7ba1f3836f747d9f41b8603b565fe1dc9270001837bbdc7b03ce7c11979f"
"C:\dev\ages-of-dominion-reborn\assets\production\production-09-20261003\provider-output\predictions.jsonl","101013707","101013707","101007360","6347","8a08c03fb7be8ecb22a3e51607cdaf0d05da4245237ac9d93bc0a87538f3e825"
"C:\dev\ages-of-dominion-reborn\assets\production\production-10-20261003\provider-output\predictions.jsonl","99142881","99142881","99135488","7393","6fe19da3fd7215af61232016293a9b8e4b8b2be6bc7a90cf136cea50d4e9045b"
"C:\dev\ages-of-dominion-reborn\assets\production\production-11-20261003\provider-output\predictions.jsonl","103077586","103077586","103077586","0","bc1763bc063f25248c89c404a1bba494cb68dd7fbe4cfeb90c5d3991852ea15e"
"C:\dev\ages-of-dominion-reborn\assets\production\production-12-20261003\provider-output\predictions.jsonl","118903223","118903223","118903223","0","77f10a5bb60d65ec632725ceacd63aa5f9853c4bd73514ee98d7f9502c595dd1"
"C:\dev\ages-of-dominion-reborn\assets\production\production-13-20261003\provider-output\predictions.jsonl","93557900","93557900","93557900","0","e1d55305b2231fecb5037476a11741441a93fcfeaf9651728d6f1d2dbd625b34"
"C:\dev\ages-of-dominion-reborn\assets\production\production-14-20261003\provider-output\predictions.jsonl","93775253","93775253","93775253","0","041f569f7477cd16e8a16b6dbdfe70366671f3c3e4416562bd2be638563ac16b"
"C:\dev\ages-of-dominion-reborn\assets\production\production-15-20261003\provider-output\predictions.jsonl","91813852","91813852","91813852","0","ddb4f76a705631b45f0baaea5208339ba64ba55c6349b322bb83647387a1f2ad"
"C:\dev\ages-of-dominion-reborn\assets\production\production-16-20261003\provider-output\predictions.jsonl","91616563","91616563","91616563","0","84be6306864ee0724950f25abf1318edc081ab6bde2b6e352d054ad46698050e"
"C:\dev\ages-of-dominion-reborn\assets\production\production-17-20261003\provider-output\predictions.jsonl","97749493","97749493","97749493","0","d971511119f4dff77ee9346e0d86be8de9a5664b08bdb0477539afab7f3faea3"
