"Path","Bytes","SHA256"
"C:\dev\ages-of-dominion-reborn\qa\asset-audit-20261003\diagnostics.py","3601","DFB935EBC3F59CFCC721632EDEBA5E942476DF1AB736226F754A811481892E0B"
"C:\dev\ages-of-dominion-reborn\qa\asset-audit-20261003\inspect.py","4340","94B16C45E8CB8B161B69DC46D69771E063B37DB7B94D1509032F100B1F8E6C89"
"C:\dev\ages-of-dominion-reborn\qa\asset-audit-20261003\record_review.py","26842","6AB5FE1FE01ADEC4B4D6756AE6F094AAD3162C9754C1E942D7C5CD2015E37198"
"C:\dev\ages-of-dominion-reborn\qa\asset-audit-20261003\validate.py","4348","6BA2F5602848668FCADC9BBE00E97AD0B0068979487582226DAED4AD3D8417B8"
"C:\dev\ages-of-dominion-reborn\qa\both-ai-plan-audit-20261004\control-probes.py","3517","CF3A5B98B2AEE105FDB1F56458C96B57A010FFF10A995F821073B6E3F419E532"
"C:\dev\ages-of-dominion-reborn\qa\both-ai-plan-audit-20261004\deep-checks.py","4512","0225B358CC18EAF53148BE6E5B1D6690CCAF7BF54BD3D40693E24396FCF60036"
"C:\dev\ages-of-dominion-reborn\qa\both-ai-plan-audit-20261004\inspect.py","8211","4C0ECCED4BDCF662A7B50ACEFBA4D503B8FAC404438319741EA609366A3F3848"
"C:\dev\ages-of-dominion-reborn\qa\both-ai-plan-audit-20261004\natural-journey.mjs","4252","831B782337565E6DCC2C393337DF638F028F8F28AF6D05D5011D9E3CFA63FA23"
"C:\dev\ages-of-dominion-reborn\qa\both-ai-plan-audit-20261004\publish.py","6200","B996BD454A50B26B32F49C8374041447BBADB01342932BA0443C1B5B83375C9C"
"C:\dev\ages-of-dominion-reborn\qa\both-ai-v3-independent-20261004\audit.py","10613","1C379E7DC14CA6F0BFC50E73CBA5553EF40AFE3418B28FF736777123E280F9A0"
"C:\dev\ages-of-dominion-reborn\qa\both-ai-v3-independent-20261004\browser-extra.mjs","3125","114C81F1E0C23DA553425E1283C397DC68E5253B61DA7A984543A9228C89F825"
"C:\dev\ages-of-dominion-reborn\qa\both-ai-v3-independent-20261004\capture-reproduction.mjs","10230","A28B1BB54B5A8962E09D0B4C628395DEE0E983B2965266CD21BD0E38179F5C68"
"C:\dev\ages-of-dominion-reborn\qa\both-ai-v3-independent-20261004\controls-extra.py","3821","078FD2EB022080ABB800F5C5562A22CB077CCA6D52CC2932E91346CB2CCBFAA7"
"C:\dev\ages-of-dominion-reborn\qa\both-ai-v3-independent-20261004\source-checks.py","3711","80824C02CE889B5F539DDCE7437AC97065B74F21CFDEE1AB2962C16C80636A76"
"C:\dev\ages-of-dominion-reborn\qa\both-ai-v3-independent-20261004\controls-sandbox\interactive_runner_continuity.py","59038","8BCFAB7A53879460CA6400FBCD4A3BFF21FDA09B5324F6424E1CB3ED436CB2BA"
"C:\dev\ages-of-dominion-reborn\qa\both-ai-v3-independent-20261004\controls-sandbox\rerun_producer.py","8058","85BFF822C952ED43BA54E6776432C6DFFDC4126C8A65D66670BD4709C4318798"
"C:\dev\ages-of-dominion-reborn\qa\code-art-assembly-20261004\horse_rows.py","818","D5E0A560F096DE0604FBD66020406FB10BE61F1A9CFC7BF7F2CFEF1EDB7413DD"
"C:\dev\ages-of-dominion-reborn\qa\code-art-assembly-20261004\patch_horse.py","1607","C2743CA8B233585A89F691B34C9190A66298463FCC7088FEDB4AAB87D156E4E9"
"C:\dev\ages-of-dominion-reborn\qa\code-art-assembly-20261004\solidity.py","447","3E524DC739159B8AC721353E06FDB3556766D85D6DDB0AAD5F88FF57DC40B207"
"C:\dev\ages-of-dominion-reborn\qa\code-art-finish-audit-20261004\browser.mjs","9663","CEBA076B72AA288BB07A7E9D2470A0C950EBF184A843ABD80B0ED930C4609599"
"C:\dev\ages-of-dominion-reborn\qa\code-art-finish-audit-20261004\close.py","1390","7A12E8B4346F305A58B92EAA3DBE856140A7CADACE605E75E87544CE025C994B"
"C:\dev\ages-of-dominion-reborn\qa\code-art-finish-audit-20261004\journeys.mjs","4831","3B05EE5347BC6965ED8657A26534DF2F12625DB73D0B12B8E57FE22FEC52C1A5"
"C:\dev\ages-of-dominion-reborn\qa\code-art-finish-audit-20261004\natural-journey.mjs","4252","831B782337565E6DCC2C393337DF638F028F8F28AF6D05D5011D9E3CFA63FA23"
"C:\dev\ages-of-dominion-reborn\qa\code-art-finish-audit-20261004\prepare.py","5639","9CA36493D3E3DD3C4AA597483118BD105272B4AA59C324BD6DF38A6303361D45"
"C:\dev\ages-of-dominion-reborn\qa\code-art-finish-audit-20261004\probes.mjs","4139","F85E77AB222FFE3F773D9EB6CD79FB936A52C2CCA4D75BA12507F4D5CFA489F1"
"C:\dev\ages-of-dominion-reborn\qa\code-art-finish-audit-20261004\publish.py","3851","F1F9628B4BAE6FA16CDB2BBFD0E04CA8D24FAC5E712652CF303BB94A20B50DBD"
"C:\dev\ages-of-dominion-reborn\qa\code-art-followup-20261004\browser.mjs","9758","895920F2B9531B2CC1BB7454023E9BCB4187B99A85B02493D0D56F912B72316A"
"C:\dev\ages-of-dominion-reborn\qa\code-art-followup-20261004\creature.mjs","4037","F570ED68B4A3716757E41D9567432DC0A9529681130AAD22C8DB0D557E6BD6F7"
"C:\dev\ages-of-dominion-reborn\qa\code-art-followup-20261004\journeys.mjs","4831","3B05EE5347BC6965ED8657A26534DF2F12625DB73D0B12B8E57FE22FEC52C1A5"
"C:\dev\ages-of-dominion-reborn\qa\code-art-followup-20261004\probes.mjs","3608","1765AFFCA55AA1C6ECE28DBFB0832B721D80967363A83C2A39C807880B8BCE63"
"C:\dev\ages-of-dominion-reborn\qa\code-art-followup-20261004\snapshot.py","4215","C21EDA127A0BE3187DCB1811303A6D881CAD43D91100DE140D6BF0B1B5588AEC"
"C:\dev\ages-of-dominion-reborn\qa\code-art-next-verification-20261004\browser.mjs","9663","CEBA076B72AA288BB07A7E9D2470A0C950EBF184A843ABD80B0ED930C4609599"
"C:\dev\ages-of-dominion-reborn\qa\code-art-next-verification-20261004\close.py","2830","3A8691BB0AC1B18A5554AFEB459C01D5F4E9BE7544881C1CF6EB707C7B1D3EF1"
"C:\dev\ages-of-dominion-reborn\qa\code-art-next-verification-20261004\creature.mjs","4037","F570ED68B4A3716757E41D9567432DC0A9529681130AAD22C8DB0D557E6BD6F7"
"C:\dev\ages-of-dominion-reborn\qa\code-art-next-verification-20261004\journeys.mjs","4831","3B05EE5347BC6965ED8657A26534DF2F12625DB73D0B12B8E57FE22FEC52C1A5"
"C:\dev\ages-of-dominion-reborn\qa\code-art-next-verification-20261004\prepare.py","4892","4D53D28D4C773C72A599F2620B8012368EA0D7039200B0FC89FCCC8619477720"
"C:\dev\ages-of-dominion-reborn\qa\code-art-next-verification-20261004\probes.mjs","4139","F85E77AB222FFE3F773D9EB6CD79FB936A52C2CCA4D75BA12507F4D5CFA489F1"
"C:\dev\ages-of-dominion-reborn\qa\code-art-next-verification-20261004\publish.py","1944","C1D5DE9354685C9BD8B0834F33C812FC3A043CB4A5EF638B153A17AC4F543CAF"
"C:\dev\ages-of-dominion-reborn\qa\code-art-verification-20261004\audio.mjs","1664","0E2989C6E19EBFB5CFDBFAA9CA92BE357D12269FA5CEC3FC8F2E1F7FBEAAB9FB"
"C:\dev\ages-of-dominion-reborn\qa\code-art-verification-20261004\audit.py","3988","E863252B8187FF7982C11E7ED7ED640565C35BE6E66C4E2443B989591D03D75D"
"C:\dev\ages-of-dominion-reborn\qa\code-art-verification-20261004\browser.mjs","5430","35E576DA5DEB724D38E3E6E49AAA21D787E9EC1490986794887893D4E86129A7"
"C:\dev\ages-of-dominion-reborn\qa\code-art-verification-20261004\finalize.py","3908","61B28EDB010F38A44EB9BE9CA914F4BFD43F9110C8985D518C5268E487202565"
"C:\dev\ages-of-dominion-reborn\qa\code-art-verification-20261004\geometry.py","1913","648F2AA8D7096333CF9B50554D753789BD1CD2C30F0C172A35CC27BB0D519EBE"
"C:\dev\ages-of-dominion-reborn\qa\code-art-verification-20261004\plates.py","1071","03F1CD575F572E6F499B61D0BA7FBD0D3D713E8AA2E1209B78A1A5B1E75F544F"
"C:\dev\ages-of-dominion-reborn\qa\code-art-verification-20261004\probes.mjs","2804","CD85C1D47B5B32C8FB5E0C89BD17B40E669D3673AD8D161CE56312ECBCA6F14A"
"C:\dev\ages-of-dominion-reborn\qa\code-persistence-audit-20261003\finalize.py","4240","1A7A315535222C1F70FE531157C3459AE24BA2BBC76BA22BFB09B45D0A7371F0"
"C:\dev\ages-of-dominion-reborn\qa\code-persistence-audit-20261003\highres-refresh.py","1347","9E7392370A7A81DFD8FD7D84B86C97EAF01259538915DBF90D3D6F18106F364F"
"C:\dev\ages-of-dominion-reborn\qa\code-persistence-audit-20261003\probes.mjs","2355","3A937861FA49A80D5B177B891C14D0EC025097579966EB8D2D2C192B89AE06BB"
"C:\dev\ages-of-dominion-reborn\qa\code-persistence-audit-20261003\snapshot.py","3576","8E9D9F0C8383192A721FAD77AE49B7213F4C1B9B30097CC1F9E5B4D0AF3146C0"
"C:\dev\ages-of-dominion-reborn\qa\current-game-image-refresh-20261004\audit.py","5816","02081EB0BEE52EE353BB314F60FA164CE7B65FEB69DC99511409108578032431"
"C:\dev\ages-of-dominion-reborn\qa\current-game-image-refresh-20261004\diagnose_geometry.py","1255","CD277C69D10C756F524A77BA92E5E87AD6AAB8AC36B5F623DAC81FDC13589370"
"C:\dev\ages-of-dominion-reborn\qa\current-game-image-refresh-20261004\finish.py","1751","919E055AA14B804ACF15A1B198CC30AAA784E0E1C9F4D360BC6DEEF53E772346"
"C:\dev\ages-of-dominion-reborn\qa\current-game-image-refresh-20261004\publish_handoff.py","2645","11D71BF82C1B3501F2BBEEBD5E8CA3191830B8F4F3195CAB8BCA65B6BF9717AA"
"C:\dev\ages-of-dominion-reborn\qa\current-game-image-refresh-20261004\reconcile_image_explanation.py","3170","BCE16A8C3778939D604D44B145B81472876C61385CDB5A3C8CFF1F4F20E6B1BA"
"C:\dev\ages-of-dominion-reborn\qa\full-asset-verifier-20261003\associations.py","1880","4A97763795CA04DFDCBEBC3E9E48B4A4D9A449ACC406323DFD2A6DFC1DE00AC3"
"C:\dev\ages-of-dominion-reborn\qa\full-asset-verifier-20261003\diagnostics.py","2826","AF6782AB07125D84BE12D57A2A7C40C88030AAAEFF2CEABB5DBC1AF252AE8F94"
"C:\dev\ages-of-dominion-reborn\qa\full-asset-verifier-20261003\inspect.py","4141","4991B0E3FAA9C36AC702196514D2566122008692C1B6E3B53C820F54912E79BA"
"C:\dev\ages-of-dominion-reborn\qa\full-asset-verifier-20261003\record_five_batch_authorization.py","4469","DC6128D1908B75A4A37C5F2AD4383E6E262C2F7AD85696388D924ADB139234EE"
"C:\dev\ages-of-dominion-reborn\qa\full-asset-verifier-20261003\report_snapshot.py","15050","3C91F0E7A8B05A9AE3E9F7C72FFAFFAC7A705D05729BCE7BE65E81079126E95A"
"C:\dev\ages-of-dominion-reborn\qa\full-asset-verifier-20261003\update_planning_pointers.py","5331","62B502878241D4C711BF3584E2C839366D010BC8D05E926534B78947ACF72BE1"
"C:\dev\ages-of-dominion-reborn\qa\full-asset-verifier-20261003\verify_report.py","3431","D7B3662AC024964A297408AEF63613A604AE7439221A71C6F36BB3559CDF570C"
"C:\dev\ages-of-dominion-reborn\qa\image-generation-start-audit-20261004\audit.py","7091","85C998E2339CDAEEFED8DAA6DC87F8653D7AEE1A37A3D922F4976C553EA02105"
"C:\dev\ages-of-dominion-reborn\qa\image-next-task-20261004\audit.py","12075","D331C707A8F251E2D0C25B11877F198D5153D54A9C7A34DD802972BF30092B6B"
"C:\dev\ages-of-dominion-reborn\qa\image-next-task-20261004\extend-audit.py","4272","76E52A45D680458BC7570E1F0ABC9D92BA6AB855D938364C31A984BE9026224F"
"C:\dev\ages-of-dominion-reborn\qa\image-next-task-20261004\handoff.py","5722","6E98AC0FE219DE8C8E97417487AFB890DF6C293104995515E5F86ECA9D7F4F9F"
"C:\dev\ages-of-dominion-reborn\qa\image-v2-independent-20261004\audit.py","4163","FAFC1B9A333B19DE4FC2628CD5E4CC39227906019E391E5E414E2253AEB0BD92"
"C:\dev\ages-of-dominion-reborn\qa\image-v2-independent-20261004\controls.py","2238","C6490819272276197DDDE1883C20BE300E48DA4552FCE3647AE44009EE30DA2D"
"C:\dev\ages-of-dominion-reborn\qa\image-v2-independent-20261004\final_checks.py","3397","41A0419E6E267FF7FB3F5BA12B6A168A0BEFBAD76F87F2A27CF7848C79697407"
"C:\dev\ages-of-dominion-reborn\qa\image-v2-independent-20261004\preservation.py","1257","E74D4B1DF064EA007D51AAC3CB42BFE7BFAE693619A12729506B6E244EECD9CA"
"C:\dev\ages-of-dominion-reborn\qa\image-v2-independent-20261004\publish_dispositions.py","2294","2EA4CA043A40ADC786A6C71C1E54686F4A4338184C666FAA55834C20E533440B"
"C:\dev\ages-of-dominion-reborn\qa\image-v2-independent-20261004\publish_handoff.py","2880","C72C6271DB28F04577C7209720BE6EECA2A6E68CB8C4F74CB94C23A67AE64F0C"
"C:\dev\ages-of-dominion-reborn\qa\image-v2-independent-20261004\reuse_binding_isolated.py","2128","8A8938F44EB027276A0FEDA68416BF7519B5308F2DCA95DF181ABF0AD66251D2"
"C:\dev\ages-of-dominion-reborn\qa\image-v2-independent-20261004\supplement.py","5851","2A1BCF0B44059A1516884BF2430575CB8A2EE5B2B876CCE1903DC6FDA9C857C4"
"C:\dev\ages-of-dominion-reborn\qa\image-v2-independent-20261004\controls-sandbox\interactive_runner_continuity.py","57805","F3D645B29D152FBCEBD3D1A0F6F2EB171A27DC96A4210A39D5DF07A99446BFAF"
"C:\dev\ages-of-dominion-reborn\qa\image-v2-independent-20261004\controls-sandbox\rerun-producer.py","9270","1125773C2DF6FA80CB81940BCE340DFCA4D3A26655FD4F97EDA916F84766B294"
"C:\dev\ages-of-dominion-reborn\qa\image-v3-isolated-controls-20261004\test_repaired_controls_v3.py","8013","E59D13884EE5884BA63A69030042FC5A3B3218B463F6621D2A895316775231A5"
"C:\dev\ages-of-dominion-reborn\qa\image-v4-isolated-controls-20261004\interactive_runner_continuity.py","63770","AEC802FD992CE3F06F854D9BB03FEF42BCA6321217EEB05E57D24F844EF4B9F1"
"C:\dev\ages-of-dominion-reborn\qa\image-v4-isolated-controls-20261004\run_controls.py","11154","E1CEABE9C8CEA7C71D691122C196A23995ADA5FAC04CA5297C577A00B1EB164D"
"C:\dev\ages-of-dominion-reborn\qa\kingdom-image-progress-20261004\audit.py","9088","5D34CAA19D0C9A6568F844D86C19EBDCFAAE7A7D4628BCE491310DED9B417A81"
"C:\dev\ages-of-dominion-reborn\qa\kingdom-image-progress-20261004\close_handoff.py","4353","6DDFBB16245802DBF6BC74CF130153ED81A7806A07C1FBB679643AAAF90FD690"
"C:\dev\ages-of-dominion-reborn\qa\kingdom-image-progress-20261004\extra_diagnostics.py","2592","CA3C5622B437C125AADE4795348F3163D7E5B219AF660120DF0E5EC2C1E02B3F"
"C:\dev\ages-of-dominion-reborn\qa\later71-independent-audit-20261004\audit.py","5231","DA38BBD42E5D91244B5D66A9AB92F2516612BA1A9957D33BFB252FC9B6778733"
"C:\dev\ages-of-dominion-reborn\qa\later71-independent-audit-20261004\controls.py","3578","73D319FD62ED929E319AC0D8AE26E60E07B06EC2377D6207FE41E3CB8373539D"
"C:\dev\ages-of-dominion-reborn\qa\offline-controls-repair-20261004\test_repaired_controls.py","9006","DBAB8ACEF5D46AE63E557918F36530F33B6DC629E3C3DA2CB683AF1CFE826B77"
"C:\dev\ages-of-dominion-reborn\qa\planner-layout-audit-20261003\browser.mjs","3357","AAAE632F04C183D7B0E6F584F3CED9F5874F9D2F0175DF3FDBAFB6865A65539F"
"C:\dev\ages-of-dominion-reborn\qa\planner-layout-audit-20261003\core-probes.mjs","1451","E638B438570A0915131C84A92C82B41E5A07DE9F3DEF85244726BC727AEA484D"
"C:\dev\ages-of-dominion-reborn\qa\planner-layout-audit-20261003\inspect.py","4655","AE5A1CFFB13641C78008C87D37E66CB788214D0326551AC546E85AE4D480B6B2"
"C:\dev\ages-of-dominion-reborn\qa\planner-layout-audit-20261003\publish_handoff.py","2812","68EBB1892D8E217B2A082C17D957459A25A46859A7B9F0910A4C79DAA6D1850A"
"C:\dev\ages-of-dominion-reborn\qa\planner-layout-audit-20261003\scope.py","2361","6546F0EF7461442182D61B2ABB1712A819259E71A16884C8A2AB38D43D04E099"
"C:\dev\ages-of-dominion-reborn\qa\planner-verifier-v3-20261003\audit.py","6250","9206C002BF8BF3DA3FFD28EA4CC1B5EFA3FF977BABD4E94F9CB6FBD911D90726"
"C:\dev\ages-of-dominion-reborn\qa\planner-verifier-v3-20261003\detail-checks.py","3433","F1BCEF8F0724B7EAB1A5D92D9BA5C112799E17609D86E87B8F9BCA6D705DF789"
"C:\dev\ages-of-dominion-reborn\qa\planner-verifier-v3-20261003\final-checks.py","3692","4C2E68C37AAB69D692B6C126E90832D75F9CF5B4A3AE1E5473009D7862D1A8FD"
"C:\dev\ages-of-dominion-reborn\qa\planner-verifier-v3-20261003\finalize-planning.py","4234","F5DF0CC284988D1FC992A30BD5AC243A53984791E5569388A8B2624B481E90F6"
"C:\dev\ages-of-dominion-reborn\qa\planner-verifier-v3-20261003\framing-proposal.py","1520","B69C274935B50607E9E5D5F3CC4E77BC5BAA8AC9070A96236E730DCC75B3706A"
"C:\dev\ages-of-dominion-reborn\qa\planner-verifier-v3-20261003\gate-probes.py","2011","107C4E88BD1B0DD576F5F529D4382722A6777DEED4BE72D6C046CDBBA56C2417"
"C:\dev\ages-of-dominion-reborn\qa\planner-verifier-v3-20261003\provenance.py","3002","1000C69440E8D51CD68B4F8095B803E0CD1D09D5382B2164069A76E5B62A69DC"
"C:\dev\ages-of-dominion-reborn\qa\planner-verifier-v3-20261003\source-probes.mjs","2918","38AB276726E59F96D916EF1FA1383913793B3BAD7123CA76705877689ED3E323"
"C:\dev\ages-of-dominion-reborn\qa\planner-verifier-v3-20261003\update-planning.py","6390","9E56683DDE71828AE69F16EE9DCE96A1B93A093C60A101C82E5BABD3100BC1D2"
"C:\dev\ages-of-dominion-reborn\qa\recovery-correction-20261003\gallery-capture.cjs","3917","13EE6E142AEC9337CD1964BE70EB8B48BC283E6BCD2F674FD4553C169A8E9C48"
"C:\dev\ages-of-dominion-reborn\qa\recovery-executor-20261003\browser-candidate-v2.mjs","7707","9C1861A4010B76F195361A89455DA67F92067EFE196D72E9AC6DBE9C1160D94F"
"C:\dev\ages-of-dominion-reborn\qa\recovery-verifier-20261003\audit.py","9087","363F7E1ECD7813E8B62D7E6709FD528B56AC9BA6642421231650621261D51157"
"C:\dev\ages-of-dominion-reborn\qa\recovery-verifier-20261003\gallery.cjs","3993","EE1FD6F2F3A008FA62B71F995285C6E4B324CAC2A31DA883F05427FAF01D302D"
"C:\dev\ages-of-dominion-reborn\qa\whole-implementation-audit-20261003\audit.py","4284","C3D077EA31416C8698158356CA005EB7D178E7F6A3EC386C04AC095A75035AD5"
"C:\dev\ages-of-dominion-reborn\qa\whole-implementation-audit-20261003\browser.mjs","3815","E267EB1E3E3E87A1F53EA966FB1D5623F90183B4D9BED663C38BF645AFCB4C8F"
"C:\dev\ages-of-dominion-reborn\qa\whole-implementation-audit-20261003\finalize.py","6017","3B510722EE01A05CF32F5CCF26813069A2CC9FE758160E7BFFE3A5BABDDC57A1"
"C:\dev\ages-of-dominion-reborn\qa\whole-implementation-audit-20261003\prepare-handoff.py","5986","9B8C9CDE23D67262CEBB615FA287F2D78E8161C269AEF705179775175BF0CDA7"
"C:\dev\ages-of-dominion-reborn\qa\whole-implementation-audit-20261003\probes.mjs","2307","A6FDCAC4D6522685252941DB9E2ACA2B90E348761F391A2FC36D75B2E453826F"
"C:\dev\ages-of-dominion-reborn\qa\whole-implementation-audit-20261003\write-prompts.py","28081","B812B0080CC3E951270156FFC4409F23FDF94B863519AD863CA17735E5D8D677"
