"Path","Bytes","SHA256","ExternalArchiveVerified","IndependentLocalBackup","CleanRestoreVerified"
"assets/delivery/stone-starter-20261003/before-after/farm-stone.jpg","36619","8f073df2978ecf12e772091da9f24f1f7275753c926a06a556535a12a7bd253f","True","C:\dev\ages-of-dominion-reborn-cleanup-backup-2026-10-04\preserved-files\assets\delivery\stone-starter-20261003\before-after\farm-stone.jpg","True"
"assets/delivery/stone-starter-20261003/before-after/lumber-stone.jpg","43995","51e77d380a21e4122b757ef9f941f202308499cd618de7fe17a77df7b02e8d05","True","C:\dev\ages-of-dominion-reborn-cleanup-backup-2026-10-04\preserved-files\assets\delivery\stone-starter-20261003\before-after\lumber-stone.jpg","True"
"assets/delivery/stone-starter-20261003/before-after/mine-stone.jpg","39726","fb8830c28da6d15001b5926e4377cfc827e0db0f95ebbd176a702b2c36ea4ad9","True","C:\dev\ages-of-dominion-reborn-cleanup-backup-2026-10-04\preserved-files\assets\delivery\stone-starter-20261003\before-after\mine-stone.jpg","True"
"assets/delivery/stone-starter-20261003/before-after/quarry-stone.jpg","45134","2869fab8dce3d530413465a899ec3715959bc42fc316aa709391e249c23dfcf0","True","C:\dev\ages-of-dominion-reborn-cleanup-backup-2026-10-04\preserved-files\assets\delivery\stone-starter-20261003\before-after\quarry-stone.jpg","True"
"assets/delivery/stone-starter-20261003/before-after/resource-food.jpg","39470","e9705ef12b6891f6967a55823724560b5f015fca21ffbf160ca9116ac7ccd3bb","True","C:\dev\ages-of-dominion-reborn-cleanup-backup-2026-10-04\preserved-files\assets\delivery\stone-starter-20261003\before-after\resource-food.jpg","True"
"assets/delivery/stone-starter-20261003/before-after/resource-gold.jpg","27129","412575fdf9aec58906ddcb620121224df27a0575b8827e1ff8583625d6499c98","True","C:\dev\ages-of-dominion-reborn-cleanup-backup-2026-10-04\preserved-files\assets\delivery\stone-starter-20261003\before-after\resource-gold.jpg","True"
"assets/delivery/stone-starter-20261003/before-after/resource-stone.jpg","28732","885203e71d5a637effc70402dd64fcaa9ce1995235518290225a3b840b65b2cd","True","C:\dev\ages-of-dominion-reborn-cleanup-backup-2026-10-04\preserved-files\assets\delivery\stone-starter-20261003\before-after\resource-stone.jpg","True"
"assets/delivery/stone-starter-20261003/before-after/resource-wood.jpg","30269","a3e82a61ea34cdbe72e6fef5e21a0f2e6ae99113e0b161f4838326d4ea4f3467","True","C:\dev\ages-of-dominion-reborn-cleanup-backup-2026-10-04\preserved-files\assets\delivery\stone-starter-20261003\before-after\resource-wood.jpg","True"
"assets/delivery/stone-starter-20261003/before-after/skill-offense.jpg","26319","990d2fda4bc2f1739742ce75fbbbcdd97da93009be35a8c140d8fcc0a7132024","True","C:\dev\ages-of-dominion-reborn-cleanup-backup-2026-10-04\preserved-files\assets\delivery\stone-starter-20261003\before-after\skill-offense.jpg","True"
"assets/delivery/stone-starter-20261003/before-after/townhall-stone.jpg","59190","9ffff66e421ead3ee17b5be4314e1a732d6f6ad6e46b4fb53524ae0a0f231ee4","True","C:\dev\ages-of-dominion-reborn-cleanup-backup-2026-10-04\preserved-files\assets\delivery\stone-starter-20261003\before-after\townhall-stone.jpg","True"
"assets/delivery/stone-starter-20261003/comparison/stone-reference-and-composite.jpg","143283","ab94d814aa329c6f0b9d7cc1f0bca5687e9661298160575cf34b7adb5ea4c2c7","True","C:\dev\ages-of-dominion-reborn-cleanup-backup-2026-10-04\preserved-files\assets\delivery\stone-starter-20261003\comparison\stone-reference-and-composite.jpg","True"
"assets/delivery/stone-starter-20261003/composites/stone-kingdom-hall-only-day1-v3.png","2180328","66e20d9d00ea651f383d9a09d3585b15580702adb4505793b1b10c5ceab3854f","True","C:\dev\ages-of-dominion-reborn-cleanup-backup-2026-10-04\preserved-files\assets\delivery\stone-starter-20261003\composites\stone-kingdom-hall-only-day1-v3.png","True"
"assets/delivery/stone-starter-20261003/composites/stone-kingdom-hall-only-day1.png","2180934","d3e47e3f65e8d97b68723822ed7bb4b04290b6f39027efd0f4b02bdc2215d5be","True","C:\dev\ages-of-dominion-reborn-cleanup-backup-2026-10-04\preserved-files\assets\delivery\stone-starter-20261003\composites\stone-kingdom-hall-only-day1.png","True"
"assets/delivery/stone-starter-20261003/composites/stone-kingdom-producer-placement-proof-v3.png","2202339","9720106fe7cbb01cd93009a56916100d575a976ae9aac2d2b3fe5a6d535d2838","True","C:\dev\ages-of-dominion-reborn-cleanup-backup-2026-10-04\preserved-files\assets\delivery\stone-starter-20261003\composites\stone-kingdom-producer-placement-proof-v3.png","True"
"assets/delivery/stone-starter-20261003/composites/stone-kingdom-producer-placement-proof.png","2200949","56ebe0b32a2f423399d5c2f170dc67303beaec265760544cce662edc0e41150f","True","C:\dev\ages-of-dominion-reborn-cleanup-backup-2026-10-04\preserved-files\assets\delivery\stone-starter-20261003\composites\stone-kingdom-producer-placement-proof.png","True"
"assets/delivery/stone-starter-20261003/derivatives/farm-stone.png","1657451","65dfe0a40a82d142be7e558ea53622d93550b11328e3689525519f35a0070d23","True","C:\dev\ages-of-dominion-reborn-cleanup-backup-2026-10-04\preserved-files\assets\delivery\stone-starter-20261003\derivatives\farm-stone.png","True"
"assets/delivery/stone-starter-20261003/derivatives/lumber-stone.png","1665842","6797ecc092a4abb934ee2fbc10d0197bcd53ac8999ab902de757747ad72a868d","True","C:\dev\ages-of-dominion-reborn-cleanup-backup-2026-10-04\preserved-files\assets\delivery\stone-starter-20261003\derivatives\lumber-stone.png","True"
"assets/delivery/stone-starter-20261003/derivatives/mine-stone.png","1540870","f82b2258549e601d57725ebd41da69876906e71270378df0d1a796902a23c03f","True","C:\dev\ages-of-dominion-reborn-cleanup-backup-2026-10-04\preserved-files\assets\delivery\stone-starter-20261003\derivatives\mine-stone.png","True"
"assets/delivery/stone-starter-20261003/derivatives/quarry-stone.png","1639524","59b5b26bfc3d6f02353138150351ede4e9395341fec7fbc757859c1f6fbdd30e","True","C:\dev\ages-of-dominion-reborn-cleanup-backup-2026-10-04\preserved-files\assets\delivery\stone-starter-20261003\derivatives\quarry-stone.png","True"
"assets/delivery/stone-starter-20261003/derivatives/resource-food.png","1663136","2a4a2809843c099d91d0122fafd9283c2eef6bc2eec40aeaa6a2c5653690fdc9","True","C:\dev\ages-of-dominion-reborn-cleanup-backup-2026-10-04\preserved-files\assets\delivery\stone-starter-20261003\derivatives\resource-food.png","True"
"assets/delivery/stone-starter-20261003/derivatives/resource-gold.png","1475864","254ec836e985bd4cc2d93f15a76a3971e063bcaa2120636771f513c99db21ab3","True","C:\dev\ages-of-dominion-reborn-cleanup-backup-2026-10-04\preserved-files\assets\delivery\stone-starter-20261003\derivatives\resource-gold.png","True"
"assets/delivery/stone-starter-20261003/derivatives/resource-stone.png","1514619","b06bf8b21b6381cfec8eeb0da5206d1d537ec24d65f9f91dd4988d684e82c189","True","C:\dev\ages-of-dominion-reborn-cleanup-backup-2026-10-04\preserved-files\assets\delivery\stone-starter-20261003\derivatives\resource-stone.png","True"
"assets/delivery/stone-starter-20261003/derivatives/resource-wood.png","1495633","2259a27f3425825cfc2ce6750aa441fd5b98829be29c58653bfcfb1ef7fc13e6","True","C:\dev\ages-of-dominion-reborn-cleanup-backup-2026-10-04\preserved-files\assets\delivery\stone-starter-20261003\derivatives\resource-wood.png","True"
"assets/delivery/stone-starter-20261003/derivatives/skill-offense.png","1462106","a1454dfb7cc41a97aa63c6f6b3b0095d8d7a381e2c48725dc487268821c162f5","True","C:\dev\ages-of-dominion-reborn-cleanup-backup-2026-10-04\preserved-files\assets\delivery\stone-starter-20261003\derivatives\skill-offense.png","True"
"assets/delivery/stone-starter-20261003/derivatives/townhall-stone.png","2152665","0cac3bd09dbb4c8eb88824f02ee01b951c21d2f6f85f024430e080763794f321","True","C:\dev\ages-of-dominion-reborn-cleanup-backup-2026-10-04\preserved-files\assets\delivery\stone-starter-20261003\derivatives\townhall-stone.png","True"
"assets/delivery/stone-starter-20261003/derivatives/v2/farm-stone.png","1658576","36e2d6a9f5a736d0f915be44d9dbaeaa899b6bd98bdacf254ad42a91a0fe8256","True","C:\dev\ages-of-dominion-reborn-cleanup-backup-2026-10-04\preserved-files\assets\delivery\stone-starter-20261003\derivatives\v2\farm-stone.png","True"
"assets/delivery/stone-starter-20261003/derivatives/v2/lumber-stone.png","1666406","ae03fc9f4a7a8ad185ec6184c863fed0e7acb2b52a887e89110e05d6dc6c0518","True","C:\dev\ages-of-dominion-reborn-cleanup-backup-2026-10-04\preserved-files\assets\delivery\stone-starter-20261003\derivatives\v2\lumber-stone.png","True"
"assets/delivery/stone-starter-20261003/derivatives/v2/mine-stone.png","1541254","20284121d60d6c8582f59a23381a64b61988ef93aeab76cda153543841553091","True","C:\dev\ages-of-dominion-reborn-cleanup-backup-2026-10-04\preserved-files\assets\delivery\stone-starter-20261003\derivatives\v2\mine-stone.png","True"
"assets/delivery/stone-starter-20261003/derivatives/v2/quarry-stone.png","1641522","05bc40ed58d16ba1c4080c0ea1867e328a9d6b3279a84e542e45b53233acd4ec","True","C:\dev\ages-of-dominion-reborn-cleanup-backup-2026-10-04\preserved-files\assets\delivery\stone-starter-20261003\derivatives\v2\quarry-stone.png","True"
"assets/delivery/stone-starter-20261003/derivatives/v2/resource-food.png","1666387","af2ef872598b99d5457793551c8297c3d136ab6e1113edb19da73fd3f7a635ef","True","C:\dev\ages-of-dominion-reborn-cleanup-backup-2026-10-04\preserved-files\assets\delivery\stone-starter-20261003\derivatives\v2\resource-food.png","True"
"assets/delivery/stone-starter-20261003/derivatives/v2/resource-gold.png","1478677","a02bde77aa7ee13ce3319977f39b168c36512878b724b07b1757638db820d25b","True","C:\dev\ages-of-dominion-reborn-cleanup-backup-2026-10-04\preserved-files\assets\delivery\stone-starter-20261003\derivatives\v2\resource-gold.png","True"
"assets/delivery/stone-starter-20261003/derivatives/v2/resource-stone.png","1515894","fe3eb2bf114243f5053c9ce5d8834e85646e4e710a7aad40ec51b9f426e540b3","True","C:\dev\ages-of-dominion-reborn-cleanup-backup-2026-10-04\preserved-files\assets\delivery\stone-starter-20261003\derivatives\v2\resource-stone.png","True"
"assets/delivery/stone-starter-20261003/derivatives/v2/resource-wood.png","1495643","98124471d8d7c8055a73d1c62dce1e5ed4c0fb329d6fa5a77a1e9eb5bcebede8","True","C:\dev\ages-of-dominion-reborn-cleanup-backup-2026-10-04\preserved-files\assets\delivery\stone-starter-20261003\derivatives\v2\resource-wood.png","True"
"assets/delivery/stone-starter-20261003/derivatives/v2/skill-offense.png","1462106","cb71c50e6c1f5bdd208e0ab45c3cfc2acecc70372210bbe0ac1d18ec54a91922","True","C:\dev\ages-of-dominion-reborn-cleanup-backup-2026-10-04\preserved-files\assets\delivery\stone-starter-20261003\derivatives\v2\skill-offense.png","True"
"assets/delivery/stone-starter-20261003/derivatives/v2/townhall-stone.png","2167083","d77406ffc8b865059f585f4dbc7d5af61e80473b5eded535ec5b32e15775ad73","True","C:\dev\ages-of-dominion-reborn-cleanup-backup-2026-10-04\preserved-files\assets\delivery\stone-starter-20261003\derivatives\v2\townhall-stone.png","True"
"assets/delivery/stone-starter-20261003/derivatives/v3/resource-gold.png","1385638","fd1d293143ab7d08312fc6a435bfc8d1c437792616b5f56edf97f050584b27c9","True","C:\dev\ages-of-dominion-reborn-cleanup-backup-2026-10-04\preserved-files\assets\delivery\stone-starter-20261003\derivatives\v3\resource-gold.png","True"
"assets/delivery/stone-starter-20261003/derivatives/v3/townhall-stone.png","2152224","f359a8b72100be8ad78eaf61eede19bc8b2db3bd0a1d071050a51edce22cc37c","True","C:\dev\ages-of-dominion-reborn-cleanup-backup-2026-10-04\preserved-files\assets\delivery\stone-starter-20261003\derivatives\v3\townhall-stone.png","True"
"assets/delivery/stone-starter-20261003/derivatives/v4-ui/resource-food.png","1184828","ed179605ff6f8cc49c646db30f2c7c0ffa48386b7f29f7ed094ec1907feaea57","True","C:\dev\ages-of-dominion-reborn-cleanup-backup-2026-10-04\preserved-files\assets\delivery\stone-starter-20261003\derivatives\v4-ui\resource-food.png","True"
"assets/delivery/stone-starter-20261003/derivatives/v4-ui/resource-gold.png","839259","8020977b795d23c2647bb7d0442976dc1345cf68f650116536d152ee22ca8d9e","True","C:\dev\ages-of-dominion-reborn-cleanup-backup-2026-10-04\preserved-files\assets\delivery\stone-starter-20261003\derivatives\v4-ui\resource-gold.png","True"
"assets/delivery/stone-starter-20261003/derivatives/v4-ui/resource-stone.png","1023600","0bb29408e63951addf2d05d61e9a67ff1ba764a75be4945994e79ce5f5222f6f","True","C:\dev\ages-of-dominion-reborn-cleanup-backup-2026-10-04\preserved-files\assets\delivery\stone-starter-20261003\derivatives\v4-ui\resource-stone.png","True"
"assets/delivery/stone-starter-20261003/derivatives/v4-ui/resource-wood.png","1045584","a12c5fa391a0714425dc6999fc106431669ff2a174fe7cdc5c3c2006989ae4cc","True","C:\dev\ages-of-dominion-reborn-cleanup-backup-2026-10-04\preserved-files\assets\delivery\stone-starter-20261003\derivatives\v4-ui\resource-wood.png","True"
"assets/delivery/stone-starter-20261003/derivatives/v4-ui/skill-offense.png","964059","1a9a57f5c9a6c27d62c37368c63368c8df741facd558a7c5a464fc6a554ffb05","True","C:\dev\ages-of-dominion-reborn-cleanup-backup-2026-10-04\preserved-files\assets\delivery\stone-starter-20261003\derivatives\v4-ui\skill-offense.png","True"
"assets/delivery/stone-starter-20261003/gate-ledger.json","196151","e6f11407a1fc2317be8aebfdf546312125ac7de346665fa97050b99776f7671e","True","C:\dev\ages-of-dominion-reborn-cleanup-backup-2026-10-04\preserved-files\assets\delivery\stone-starter-20261003\gate-ledger.json","True"
"assets/delivery/stone-starter-20261003/inspection/farm-stone-black-white-green.jpg","381515","613373c4bedd1af6d74d868de81ecbcf7a207a8ba9ef6b052bbf9e69b0c30759","True","C:\dev\ages-of-dominion-reborn-cleanup-backup-2026-10-04\preserved-files\assets\delivery\stone-starter-20261003\inspection\farm-stone-black-white-green.jpg","True"
"assets/delivery/stone-starter-20261003/inspection/lumber-stone-black-white-green.jpg","444957","7747034452940ee020807d8d60615fd9681999c8199d296e7100ccd418a2e7f7","True","C:\dev\ages-of-dominion-reborn-cleanup-backup-2026-10-04\preserved-files\assets\delivery\stone-starter-20261003\inspection\lumber-stone-black-white-green.jpg","True"
"assets/delivery/stone-starter-20261003/inspection/mine-stone-black-white-green.jpg","365067","b1c8f37802c5de221a8fd4acbd02528d8a541dd034b267a773cfe63dd4fc12c9","True","C:\dev\ages-of-dominion-reborn-cleanup-backup-2026-10-04\preserved-files\assets\delivery\stone-starter-20261003\inspection\mine-stone-black-white-green.jpg","True"
"assets/delivery/stone-starter-20261003/inspection/quarry-stone-black-white-green.jpg","423063","abe6b501d804b8ea41d0fd96ab4ecac83fa37cd241ebfab25a3ae43402caee94","True","C:\dev\ages-of-dominion-reborn-cleanup-backup-2026-10-04\preserved-files\assets\delivery\stone-starter-20261003\inspection\quarry-stone-black-white-green.jpg","True"
"assets/delivery/stone-starter-20261003/inspection/resource-food-black-white-green.jpg","372774","61a6b0e92501976eca4a2f5be8bc985a435c925de6f6d229566bfc5c62644978","True","C:\dev\ages-of-dominion-reborn-cleanup-backup-2026-10-04\preserved-files\assets\delivery\stone-starter-20261003\inspection\resource-food-black-white-green.jpg","True"
"assets/delivery/stone-starter-20261003/inspection/resource-gold-black-white-green.jpg","239240","00433e4f4d8412fda3eb423287a6b225827ee8a6d235decb4676b90b08f23251","True","C:\dev\ages-of-dominion-reborn-cleanup-backup-2026-10-04\preserved-files\assets\delivery\stone-starter-20261003\inspection\resource-gold-black-white-green.jpg","True"
"assets/delivery/stone-starter-20261003/inspection/resource-stone-black-white-green.jpg","287165","31ace7fe1c8c7dc068d8236d3470278cfecbea370233e235a654430d947a2a9a","True","C:\dev\ages-of-dominion-reborn-cleanup-backup-2026-10-04\preserved-files\assets\delivery\stone-starter-20261003\inspection\resource-stone-black-white-green.jpg","True"
"assets/delivery/stone-starter-20261003/inspection/resource-wood-black-white-green.jpg","315781","1fcf7b9f9c4f99dfe49256775fa3c28b016144108d8ef1711780bde6d391a20c","True","C:\dev\ages-of-dominion-reborn-cleanup-backup-2026-10-04\preserved-files\assets\delivery\stone-starter-20261003\inspection\resource-wood-black-white-green.jpg","True"
"assets/delivery/stone-starter-20261003/inspection/skill-offense-black-white-green.jpg","256677","61e5a3eda02cb36cd743f161e0b224da6692f527cbaf114b7a601cf2d42405da","True","C:\dev\ages-of-dominion-reborn-cleanup-backup-2026-10-04\preserved-files\assets\delivery\stone-starter-20261003\inspection\skill-offense-black-white-green.jpg","True"
"assets/delivery/stone-starter-20261003/inspection/townhall-stone-black-white-green.jpg","659638","40650aa3b42384b27428224af6c1aa1109f2b78c6ecc54178112476c678d577d","True","C:\dev\ages-of-dominion-reborn-cleanup-backup-2026-10-04\preserved-files\assets\delivery\stone-starter-20261003\inspection\townhall-stone-black-white-green.jpg","True"
"assets/delivery/stone-starter-20261003/processing-record.json","32349","46dee32f7df9a1df8be2958604c8fe8d66fab9ddc1e49ec122a1a7f2d8225f3c","True","C:\dev\ages-of-dominion-reborn-cleanup-backup-2026-10-04\preserved-files\assets\delivery\stone-starter-20261003\processing-record.json","True"
"assets/delivery/stone-starter-20261003/stone-kingdom-composite.png","2230424","2be484d16d7d3af6c28ef779931f859c50d68c0f25260f9a7bc6e92b022e70b2","True","C:\dev\ages-of-dominion-reborn-cleanup-backup-2026-10-04\preserved-files\assets\delivery\stone-starter-20261003\stone-kingdom-composite.png","True"
"assets/delivery/stone-starter-20261003/stone-kingdom-placement-debug.png","2231730","ef9fa3c8edc49604584413bc6dbe0282398c846ece4d90eed3fd29f02295fbf2","True","C:\dev\ages-of-dominion-reborn-cleanup-backup-2026-10-04\preserved-files\assets\delivery\stone-starter-20261003\stone-kingdom-placement-debug.png","True"
"assets/delivery/stone-starter-20261003/terrain/kingdom-terrain-stone-repaired-v2.png","2168041","bd0781da1e470ed40cab480aa487694f5998447c96548cd5cf07f066ddf6835d","True","C:\dev\ages-of-dominion-reborn-cleanup-backup-2026-10-04\preserved-files\assets\delivery\stone-starter-20261003\terrain\kingdom-terrain-stone-repaired-v2.png","True"
"assets/delivery/stone-starter-20261003/terrain/kingdom-terrain-stone-repaired.png","2141262","caa3c448cc61dd0459642f8c1007205dc0dd60c69894d9baeceb2e14de2cf24e","True","C:\dev\ages-of-dominion-reborn-cleanup-backup-2026-10-04\preserved-files\assets\delivery\stone-starter-20261003\terrain\kingdom-terrain-stone-repaired.png","True"
"assets/delivery/stone-starter-20261003/ui/ui-resources-offense-1180x820.png","24328","286c78088dc446c72fb137a9a18b6cbac82d3aea27e1f19d6a5be5e61c715a83","True","C:\dev\ages-of-dominion-reborn-cleanup-backup-2026-10-04\preserved-files\assets\delivery\stone-starter-20261003\ui\ui-resources-offense-1180x820.png","True"
"assets/delivery/stone-starter-20261003/ui/ui-resources-offense-1280x720.png","23939","b7b642e5ab61f036eda69d4d143e38d1ad016e7dfce3f16511bfe81514573612","True","C:\dev\ages-of-dominion-reborn-cleanup-backup-2026-10-04\preserved-files\assets\delivery\stone-starter-20261003\ui\ui-resources-offense-1280x720.png","True"
"assets/delivery/stone-starter-20261003/ui/ui-resources-offense-825x375.png","20295","6f7b0eed19c0e743a61667c02844cb87523267810051fcf418b9c09cfd7cd61b","True","C:\dev\ages-of-dominion-reborn-cleanup-backup-2026-10-04\preserved-files\assets\delivery\stone-starter-20261003\ui\ui-resources-offense-825x375.png","True"
"assets/delivery/stone-starter-20261003/ui/ui-resources-offense-933x424.png","20825","2242710582e3483fc05de355f7acf17922146afa5fa9214959823fce4a37ee6b","True","C:\dev\ages-of-dominion-reborn-cleanup-backup-2026-10-04\preserved-files\assets\delivery\stone-starter-20261003\ui\ui-resources-offense-933x424.png","True"
"assets/delivery/stone-starter-20261003/ui/v2/ui-resources-offense-1180x820.png","26831","67d35e8ff775b1e027c48aac5806ce3a894358f83e370187e96180576f28bd96","True","C:\dev\ages-of-dominion-reborn-cleanup-backup-2026-10-04\preserved-files\assets\delivery\stone-starter-20261003\ui\v2\ui-resources-offense-1180x820.png","True"
"assets/delivery/stone-starter-20261003/ui/v2/ui-resources-offense-1280x720.png","26326","a74f4dc9cfd17c29ce601d17a8ab0aae09ed090cceef04d08cb1d39c02a8afc7","True","C:\dev\ages-of-dominion-reborn-cleanup-backup-2026-10-04\preserved-files\assets\delivery\stone-starter-20261003\ui\v2\ui-resources-offense-1280x720.png","True"
"assets/delivery/stone-starter-20261003/ui/v2/ui-resources-offense-825x375.png","22642","9640d4aead532d3de3b923e368a827f659737031619f069960a0ad6272adbce6","True","C:\dev\ages-of-dominion-reborn-cleanup-backup-2026-10-04\preserved-files\assets\delivery\stone-starter-20261003\ui\v2\ui-resources-offense-825x375.png","True"
"assets/delivery/stone-starter-20261003/ui/v2/ui-resources-offense-933x424.png","23243","0c37a48b3d5810d155da431c8b6b63ea7f802ca9bf0d102124843b6eff35479e","True","C:\dev\ages-of-dominion-reborn-cleanup-backup-2026-10-04\preserved-files\assets\delivery\stone-starter-20261003\ui\v2\ui-resources-offense-933x424.png","True"
"assets/mocks/INDEX.md","6717","b7e79abb36cd53dbd6e8dd221781463e7fcbceadbffabfd37d5a2a5abec7b753","True","C:\dev\ages-of-dominion-reborn-cleanup-backup-2026-10-04\preserved-files\assets\mocks\INDEX.md","True"
"design-preview/generated/landscape-mocks-20261003-efcd7a7e/provider-output/predictions.jsonl","65103498","b39c2560d4d2ee0db793421bfa449c62684942af2700f27122a526c7ed19b001","True","C:\dev\ages-of-dominion-reborn-cleanup-backup-2026-10-04\preserved-files\design-preview\generated\landscape-mocks-20261003-efcd7a7e\provider-output\predictions.jsonl","True"
"design-preview/generated/landscape-mocks-20261003-efcd7a7e/provider-output/response-metadata.jsonl","96017","27f7173f27aade24391631dbc4c265418109a3c9945cb511a4a2fb9715f79d3f","True","C:\dev\ages-of-dominion-reborn-cleanup-backup-2026-10-04\preserved-files\design-preview\generated\landscape-mocks-20261003-efcd7a7e\provider-output\response-metadata.jsonl","True"
