"Path","Bytes","SHA256","GitTracked"
"qa/both-ai-plan-audit-20261004/control-probes.py","3517","cf3a5b98b2aee105fdb1f56458c96b57a010fff10a995f821073b6e3f419e532","False"
"qa/both-ai-plan-audit-20261004/deep-checks.py","4512","0225b358cc18eaf53148be6e5b1d6690ccaf7bf54bd3d40693e24396fcf60036","False"
"qa/both-ai-plan-audit-20261004/inspect.py","8211","4c0ecced4bdcf662a7b50acefba4d503b8fac404438319741ea609366a3f3848","False"
"qa/both-ai-plan-audit-20261004/natural-journey.mjs","4252","831b782337565e6dcc2c393337df638f028f8f28af6d05d5011d9e3cfa63fa23","False"
"qa/both-ai-plan-audit-20261004/publish.py","6200","b996bd454a50b26b32f49c8374041447bbadb01342932ba0443c1b5b83375c9c","False"
"qa/both-ai-v3-independent-20261004/audit.py","10613","1c379e7dc14ca6f0bfc50e73cba5553ef40afe3418b28ff736777123e280f9a0","False"
"qa/both-ai-v3-independent-20261004/browser-extra.mjs","3125","114c81f1e0c23da553425e1283c397dc68e5253b61da7a984543a9228c89f825","False"
"qa/both-ai-v3-independent-20261004/capture-reproduction.mjs","10230","a28b1bb54b5a8962e09d0b4c628395dee0e983b2965266cd21bd0e38179f5c68","False"
"qa/both-ai-v3-independent-20261004/controls-extra.py","3821","078fd2eb022080abb800f5c5562a22cb077cca6d52cc2932e91346cb2ccbfaa7","False"
"qa/both-ai-v3-independent-20261004/controls-sandbox/interactive_runner_continuity.py","59038","8bcfab7a53879460ca6400fbcd4a3bff21fda09b5324f6424e1cb3ed436cb2ba","False"
"qa/both-ai-v3-independent-20261004/controls-sandbox/rerun_producer.py","8058","85bff822c952ed43ba54e6776432c6dffdc4126c8a65d66670bd4709c4318798","False"
"qa/both-ai-v3-independent-20261004/source-checks.py","3711","80824c02ce889b5f539ddce7437ac97065b74f21cfdee1ab2962c16c80636a76","False"
"qa/code-art-assembly-20261004/horse_rows.py","818","d5e0a560f096de0604fbd66020406fb10be61f1a9cfc7bf7f2cfef1edb7413dd","False"
"qa/code-art-assembly-20261004/patch_horse.py","1607","c2743ca8b233585a89f691b34c9190a66298463fcc7088fedb4aab87d156e4e9","False"
"qa/code-art-assembly-20261004/solidity.py","447","3e524dc739159b8ac721353e06fdb3556766d85d6ddb0aad5f88ff57dc40b207","False"
"qa/code-art-finish-audit-20261004/browser.mjs","9663","ceba076b72aa288bb07a7e9d2470a0c950ebf184a843abd80b0ed930c4609599","False"
"qa/code-art-finish-audit-20261004/close.py","1390","7a12e8b4346f305a58b92eaa3dbe856140a7cadace605e75e87544ce025c994b","False"
"qa/code-art-finish-audit-20261004/journeys.mjs","4831","3b05ee5347bc6965ed8657a26534df2f12625db73d0b12b8e57fe22fec52c1a5","False"
"qa/code-art-finish-audit-20261004/natural-journey.mjs","4252","831b782337565e6dcc2c393337df638f028f8f28af6d05d5011d9e3cfa63fa23","False"
"qa/code-art-finish-audit-20261004/prepare.py","5639","9ca36493d3e3dd3c4aa597483118bd105272b4aa59c324bd6df38a6303361d45","False"
"qa/code-art-finish-audit-20261004/probes.mjs","4139","f85e77ab222ffe3f773d9eb6cd79fb936a52c2cca4d75ba12507f4d5cfa489f1","False"
"qa/code-art-finish-audit-20261004/publish.py","3851","f1f9628b4bae6fa16cdb2bbfd0e04ca8d24fac5e712652cf303bb94a20b50dbd","False"
"qa/code-art-followup-20261004/browser.mjs","9758","895920f2b9531b2cc1bb7454023e9bcb4187b99a85b02493d0d56f912b72316a","False"
"qa/code-art-followup-20261004/creature.mjs","4037","f570ed68b4a3716757e41d9567432dc0a9529681130aad22c8db0d557e6bd6f7","False"
"qa/code-art-followup-20261004/journeys.mjs","4831","3b05ee5347bc6965ed8657a26534df2f12625db73d0b12b8e57fe22fec52c1a5","False"
"qa/code-art-followup-20261004/probes.mjs","3608","1765affca55aa1c6ece28dbfb0832b721d80967363a83c2a39c807880b8bce63","False"
"qa/code-art-followup-20261004/snapshot.py","4215","c21eda127a0be3187dcb1811303a6d881cad43d91100de140d6bf0b1b5588aec","False"
"qa/code-art-next-verification-20261004/browser.mjs","9663","ceba076b72aa288bb07a7e9d2470a0c950ebf184a843abd80b0ed930c4609599","False"
"qa/code-art-next-verification-20261004/close.py","2830","3a8691bb0ac1b18a5554afeb459c01d5f4e9be7544881c1cf6eb707c7b1d3ef1","False"
"qa/code-art-next-verification-20261004/creature.mjs","4037","f570ed68b4a3716757e41d9567432dc0a9529681130aad22c8db0d557e6bd6f7","False"
"qa/code-art-next-verification-20261004/journeys.mjs","4831","3b05ee5347bc6965ed8657a26534df2f12625db73d0b12b8e57fe22fec52c1a5","False"
"qa/code-art-next-verification-20261004/prepare.py","4892","4d53d28d4c773c72a599f2620b8012368ea0d7039200b0fc89fccc8619477720","False"
"qa/code-art-next-verification-20261004/probes.mjs","4139","f85e77ab222ffe3f773d9eb6cd79fb936a52c2cca4d75ba12507f4d5cfa489f1","False"
"qa/code-art-next-verification-20261004/publish.py","1944","c1d5de9354685c9bd8b0834f33c812fc3a043cb4a5ef638b153a17ac4f543caf","False"
"qa/code-art-verification-20261004/audio.mjs","1664","0e2989c6e19ebfb5cfdbfaa9ca92be357d12269fa5cec3fc8f2e1f7fbeaab9fb","False"
"qa/code-art-verification-20261004/audit.py","3988","e863252b8187ff7982c11e7ed7ed640565c35be6e66c4e2443b989591d03d75d","False"
"qa/code-art-verification-20261004/browser.mjs","5430","35e576da5deb724d38e3e6e49aaa21d787e9ec1490986794887893d4e86129a7","False"
"qa/code-art-verification-20261004/finalize.py","3908","61b28edb010f38a44eb9be9ca914f4bfd43f9110c8985d518c5268e487202565","False"
"qa/code-art-verification-20261004/geometry.py","1913","648f2aa8d7096333cf9b50554d753789bd1cd2c30f0c172a35cc27bb0d519ebe","False"
"qa/code-art-verification-20261004/plates.py","1071","03f1cd575f572e6f499b61d0ba7fbd0d3d713e8aa2e1209b78a1a5b1e75f544f","False"
"qa/code-art-verification-20261004/probes.mjs","2804","cd85c1d47b5b32c8fb5e0c89bd17b40e669d3673ad8d161ce56312ecbca6f14a","False"
"qa/code-persistence-audit-20261003/finalize.py","4240","1a7a315535222c1f70fe531157c3459ae24ba2bbc76ba22bfb09b45d0a7371f0","False"
"qa/code-persistence-audit-20261003/highres-refresh.py","1347","9e7392370a7a81dfd8fd7d84b86c97eaf01259538915dbf90d3d6f18106f364f","False"
"qa/code-persistence-audit-20261003/probes.mjs","2355","3a937861fa49a80d5b177b891c14d0ec025097579966eb8d2d2c192b89ae06bb","False"
"qa/code-persistence-audit-20261003/snapshot.py","3576","8e9d9f0c8383192a721fad77ae49b7213f4c1b9b30097cc1f9e5b4d0af3146c0","False"
"qa/image-generation-start-audit-20261004/audit.py","7091","85c998e2339cdaeefed8daa6dc87f8653d7aee1a37a3d922f4976c553ea02105","False"
"qa/image-next-task-20261004/audit.py","12075","d331c707a8f251e2d0c25b11877f198d5153d54a9c7a34dd802972bf30092b6b","False"
"qa/image-next-task-20261004/extend-audit.py","4272","76e52a45d680458bc7570e1f0abc9d92ba6ab855d938364c31a984be9026224f","False"
"qa/image-next-task-20261004/handoff.py","5722","6e98ac0fe219de8c8e97417487afb890df6c293104995515e5f86eca9d7f4f9f","False"
"qa/image-v2-independent-20261004/audit.py","4163","fafc1b9a333b19de4fc2628cd5e4cc39227906019e391e5e414e2253aeb0bd92","False"
"qa/image-v2-independent-20261004/controls-sandbox/interactive_runner_continuity.py","57805","f3d645b29d152fbcebd3d1a0f6f2eb171a27dc96a4210a39d5df07a99446bfaf","False"
"qa/image-v2-independent-20261004/controls-sandbox/rerun-producer.py","9270","1125773c2df6fa80cb81940bce340dfca4d3a26655fd4f97eda916f84766b294","False"
"qa/image-v2-independent-20261004/controls.py","2238","c6490819272276197ddde1883c20be300e48da4552fce3647ae44009ee30da2d","False"
"qa/image-v2-independent-20261004/final_checks.py","3397","41a0419e6e267ff7fb3f5ba12b6a168a0befbad76f87f2a27cf7848c79697407","False"
"qa/image-v2-independent-20261004/preservation.py","1257","e74d4b1df064ea007d51aac3cb42bfe7bfae693619a12729506b6e244eecd9ca","False"
"qa/image-v2-independent-20261004/publish_dispositions.py","2294","2ea4ca043a40adc786a6c71c1e54686f4a4338184c666faa55834c20e533440b","False"
"qa/image-v2-independent-20261004/publish_handoff.py","2880","c72c6271db28f04577c7209720be6eeca2a6e68cb8c4f74cb94c23a67ae64f0c","False"
"qa/image-v2-independent-20261004/reuse_binding_isolated.py","2128","8a8938f44eb027276a0feda68416bf7519b5308f2dca95df181abf0ad66251d2","False"
"qa/image-v2-independent-20261004/supplement.py","5851","2a1bcf0b44059a1516884bf2430575cb8a2ee5b2b876cce1903dc6fda9c857c4","False"
"qa/image-v3-isolated-controls-20261004/test_repaired_controls_v3.py","8013","e59d13884ee5884ba63a69030042fc5a3b3218b463f6621d2a895316775231a5","False"
"qa/image-v4-isolated-controls-20261004/interactive_runner_continuity.py","63770","aec802fd992ce3f06f854d9bb03fef42bca6321217eeb05e57d24f844ef4b9f1","False"
"qa/image-v4-isolated-controls-20261004/run_controls.py","11154","e1ceabe9c8cea7c71d691122c196a23995ada5fac04ca5297c577a00b1eb164d","False"
"qa/kingdom-image-progress-20261004/audit.py","9088","5d34caa19d0c9a6568f844d86c19ebdcfaae7a7d4628bce491310ded9b417a81","False"
"qa/kingdom-image-progress-20261004/close_handoff.py","4353","6ddfbb16245802dbf6bc74cf130153ed81a7806a07c1fbb679643aaaf90fd690","False"
"qa/kingdom-image-progress-20261004/extra_diagnostics.py","2592","ca3c5622b437c125aade4795348f3163d7e5b219af660120df0e5ec2c1e02b3f","False"
"qa/later71-independent-audit-20261004/audit.py","5231","da38bbd42e5d91244b5d66a9ab92f2516612ba1a9957d33bfb252fc9b6778733","False"
"qa/later71-independent-audit-20261004/controls.py","3578","73d319fd62ed929e319ac0d8ae26e60e07b06ec2377d6207fe41e3cb8373539d","False"
"qa/offline-controls-repair-20261004/test_repaired_controls.py","9006","dbab8acef5d46ae63e557918f36530f33b6dc629e3c3da2cb683af1cfe826b77","False"
"scripts/analyze_actors_poses_and_landmarks.py","1161","d3e62e794cdd0ace82cceb5a670e8d06cac425f225e6b6a7cfa16f395eeeaa44","False"
"scripts/analyze_backgrounds.py","1266","119af1c06ca5955ce6d4e444ae1c96cde9a28c26c1694a60201a4a176ee11c82","False"
"scripts/analyze_complex_actors.py","2184","d23988c836fc06d514276e621a7c6be7f258d0de42323c8fafc3b335fceba8f6","False"
"scripts/analyze_knight_p01.py","1603","1cba1d5b09a3fdf64aeed7293eaac9ad2e892980f33f4c8106280f84042adc34","False"
"scripts/assemble_live_art.py","17842","d7a70c8f5e356a5eeee9b1a38b2c783fd7754d493e0c499207d3405c1c593777","False"
"scripts/audit_all_32_phase.py","1834","2adab5406d6c8686d71e068d06783b26417b9e18e2a2f6aa2b72048fb6de64f4","False"
"scripts/audit_kingdom_run6.py","1933","2b4ef4bd7f82bb04586cb27aa5639e4c93a8b5ee23faa5844bc51c0989a1d455","False"
"scripts/build_delivery_manifest_v3.py","15960","4a20b47d8d41e717b09c72afbcfd773cd6723d3d95c6434c2303b8928f2cb9a1","False"
"scripts/capture-followup-20261004.mjs","4030","dcb46f2a99613496a528129dae63eeb7c99b175c98d7adf24921ee258b4ec6cf","False"
"scripts/capture-manual-20261004.mjs","11278","d307402975774c5866a61782a7de1518fde596ff9b3039791011fbbf939ec559","False"
"scripts/capture-matte-journey-20261004.mjs","22308","0e86d7ad8db199c258d0ae0809fb473af843d6ca70d40985222a6cdc501d321e","False"
"scripts/capture-visual-20261004.mjs","10068","0aa698a7e45063276aa70353c084fc1ceaf0bf8d9a3187926ad470f5d2951f5a","False"
"scripts/check_contracts.py","700","2de167ea3b238b134629c29734dba9c178ada40a7482485ef6cb82fe9f570374","False"
"scripts/check_manifest_mapping.py","727","a184f652c69588e3e3207cca48c033dad81a5cd7e7209f20fde72a668a7361d5","False"
"scripts/check_rival_prompts.py","281","9bfc050f2ed0854d14bd5e103492151e33b0ba01e7ebb53c96cda141612a3cfd","False"
"scripts/code_ready_measurements.py","20615","90c4398900e6694da158e614c6b1a118f52691f4b1dd9a7802b2a932efdf842f","False"
"scripts/compare_rivals.py","579","f108d550da4cbca24f187adc39f430a3a47b0ad2cca076a898cb2001dda6936d","False"
"scripts/execute_later73_generation.py","13504","b11a82ef4a1c06768baa28df409e766865d46c1e9402365523828d90f82f3f0b","False"
"scripts/extract_real_rig_anatomy.py","11073","f7ae11916668d4d2aa1fd8886c588a8b3f5a9771a3956af6443b6d8d28e24cb5","False"
"scripts/finalize_run2_inspection.py","10369","45070c5b1df03ef9f70ca6b489f34ab18b95c31ca393a12949b3f7dc0e3e6f0e","False"
"scripts/generate_corrected_portrait_crops.py","6911","954c5cf4f3284be011e8f65cfd28b97cb85cc7f994cb5da6cb3002f41e94c29e","False"
"scripts/image_v4_actors.py","23246","3b6e080098694836d567f3def7201fb0d22a1d0179c44252ee8b1d6546684d03","False"
"scripts/image_v4_interface.py","6836","b97e52a476a828b9c0ebf13a2c46bcf043de00e7e03a3bcbcd34fb7c0fc86d09","False"
"scripts/image_v4_rigs.py","14549","692946b2406f2bc2f8c7a91200503e07746358b90f5ca4add99d4e65a85ad9f8","False"
"scripts/image_v4_terrain_clearance.py","8387","afbbe3e531d9169a91bc8cb7dc55546d1279dcad7fdb7f2f646106b2c4d6b490","False"
"scripts/inspect_4k_keys.py","808","21f02f31634a7e3b766df2399389314bc9a50386a5de0b2c95b8f3fde47c4246","False"
"scripts/inspect_4k_manifest.py","409","7781b537831e2df6fab39749a5ef9d4c4ca8b70b825134058ce26f1255a871bb","False"
"scripts/inspect_actors_and_mounts.py","946","06071e703a9ee656f9c826b56110554a9036d618a673e2134d41b6ccce39e5e9","False"
"scripts/inspect_all_73_candidates.py","5437","0acaf4a227da462bf6ba3d554eacbf34b72d6f90ee44bc009675c62dfb0332c7","False"
"scripts/inspect_all_rigs.py","743","e67ae0ad193756e6d0826676537e2bd99a82d2db342c5c1fe0be495a7e73f0a5","False"
"scripts/inspect_components.py","1501","4861ceb7ca55994bb2edcd0d10afd335c2296363743b19c4963a2f35932f1a53","False"
"scripts/inspect_composite_troops.py","743","1bf2a58cb6d1b3b9a60001ab35971127fd1f7c8a156cd9e23d8c884f99f28da2","False"
"scripts/inspect_horse_floor.py","736","066b1bdbd54111ca63c030a2cf83387811f70f7db8cf0979cc1262f8753d28b1","False"
"scripts/inspect_knight_bot_nonmag.py","810","a8d0aa6c515f3eab0185fddcf215d2b5f2fa3399f1478cf97961fa55bd91f8b7","False"
"scripts/inspect_knight_bottom.py","1457","67cc2f69861045168939c3a12acb0229f6cd1187ab47e0e0642c9659225abed9","False"
"scripts/inspect_knight_mid.py","642","ebd9659f8839e15dad2c7695d682c78ce11c379c9be06d5cceab7a2a6ed5637d","False"
"scripts/inspect_knight_p1_p2.py","1454","ca045ac3110f334ca2c4af970ef18e0c42208762a88424198e444ecd5727bf1c","False"
"scripts/inspect_knight_subblocks.py","887","1eae4c07be48dce0dc31a4c8b13634e96f0b7fdf51a7769ba047406601d5ff93","False"
"scripts/inspect_manifest.py","606","0ce2a40f37c9016cc143eed50691e5e395bfc3c139a531528644667577568779","False"
"scripts/inspect_mounts_floors.py","892","eb8e8d660641f63adfff394a35ff67e75d785179c45f686d05b962d65527a340","False"
"scripts/inspect_old_rival_features.py","516","c6f8ed6c72aa5f6a6e7a0d991e6e35c93c37734b4ba7ed3ecf0a9bdf7e430c4d","False"
"scripts/inspect_parts_content.py","1126","95e4f215c246d90cd1bb3342495f6bbd9dd2a419eeda82aab33afcec90c5f37b","False"
"scripts/inspect_rig_parts.py","2149","e129771a65332d4a1ca765d436cab09df462254a1aff96386134f6fe407394cb","False"
"scripts/inspect_rig_sheets_anatomy.py","1786","f0af71ac4f5e1047835103448c5a4e520bdd48b298af8210a13f6a163c598296","False"
"scripts/inspect_rival_details.py","850","7796c2b5ddf2601533a40a164484f1219f8fc59342441f3a63a608c384a75943","False"
"scripts/inspect_warlock_faces.py","821","b2abf90c2f3d274720d5f54db158a25455afc13bc18c0fc5985031d7e2915cf1","False"
"scripts/inspect_warlock_parts.py","380","b38e3361193dc2e0076ff61de19e893df6af7c009407beb1f53568e54cb3eb64","False"
"scripts/inspect_warlock.py","1539","0c9b5f2f22bf074a805a8f804806a0f8c16ae38f83c1a0fecc17fa1e9518d228","False"
"scripts/interactive_4k_continuation_run3.py","36867","fd63ddf43beaf2f5657209a45028f448027ba4c2ed9d569dab09409a45ef6604","False"
"scripts/interactive_4k_continuation_run4.py","42698","e798afb44824084999250ac4d600f94bd11639ba4960c2ccb7025c0f3287ecd9","False"
"scripts/interactive_4k_continuation_run6.py","42771","1e57966af602456ce49ca87a693a3672a92ed9846a1c561643b0015921585fca","False"
"scripts/interactive_4k_continuation_runner.py","45473","f06a70ee2ca821d7d8149fd03ec64b07b9b144ac1c429ff06af4c8e043870fcf","False"
"scripts/interactive_4k_runner.py","31394","a3232e394a92a50c66d705ba50e6cf555b45a13181eafda3d9dbc7ac008cc47e","False"
"scripts/interactive_4k_tactical_retry.py","31724","1f4c7324d8fbcbbdd3409dceee7365919bab537f372e8f1c7bbef03aa8713422","False"
"scripts/interactive_runner_continuity.py","62452","038b3806f27824f38eac16c9b39ffef231a13dd32ef144c17504dd48f64bb091","False"
"scripts/measure_all_mounts.py","1705","fb0718f28c2b9bc68fb7615b008219f7015095f59ab3c0eedc57f57e153ee89e","False"
"scripts/measure_horse_landmarks.py","1122","c3b4721742774db3b2bfd1c869db6e1656266d2a1f8bd32288dc00b2ec1c61bf","False"
"scripts/measure_kingdom_constraints.py","4984","0ebc244dd4067eb32607fffe85c7040191976e83caaf85bd773d8db30b2b59bd","False"
"scripts/measure_parts.py","1912","2c3321013ba3e41ddfc7fb0e33ee001151b09550e2292108bcdc6462167ef1f7","False"
"scripts/print_32_4k.py","256","075708dc7dd5925fab3380408d0482790c62b604141a6b4a4f731828a5b31586","False"
"scripts/print_site_rects.py","409","12d24b22efc89811956fcbd85e3f9ae248deec5a1a0c92efc87dbe2754813d8f","False"
"scripts/process_all_derivatives.py","19972","e61b5d478decd542c1ac7e57ddc474be48ba247577b004a9253f8661a3e9ed32","False"
"scripts/process_cleaned_actors_and_mounts_v3.py","16725","d773524d71e40dddc1ddf4fb6c69b3bd0cf5ec96eee7f65a1faefd8939139fa8","False"
"scripts/process_cleaned_actors_and_mounts.py","14752","8e395403a82f73b1d1ab152020c599822731d81b3155a368e35bc96951a747a5","False"
"scripts/process_code_art_consumers_20261004.py","2980","c5e800c7e61b41bd643ec2c0263a05b8e16ecac8e5931256463a9420ed11fda4","False"
"scripts/process_rig_anatomy_v3.py","57547","688e966fdd3b7807ade67fca6e8efecb48ab01a49cd97539de4f91f961ca0084","False"
"scripts/publish_corrected_delivery_manifest.py","18033","512b2e15f241d3342529e15a700d181eebfe75886c4c2f54f1bee174fd99952f","False"
"scripts/reconcile_accounting_ledger.py","2938","6ecb44185f01676eb970b4869f32b261cfe097236115720a39d10dc4a51c6188","False"
"scripts/reconcile_and_verify_run1.py","895","2c66ef00c123c445806183e77731c8e74361ce88b5fb4382f8b78bc72a4040e0","False"
"scripts/reconcile_unique_attempts_accounting.py","7035","17bb6c60311dd70dba266a263a041283a2795db4d5b0a5f2c398481cc657bb5d","False"
"scripts/redo_bounded_kingdom_measurement.py","9987","b8050029f8668b6a6bbca7c09028cb2f9195fdc9feab86b8208b162feee4f312","False"
"scripts/repair_73_request_packs.py","21329","5c287539f6b7edb341f75cde140e4f703c92004fa39d6b75377709af93436049","False"
"scripts/rig_helpers.py","3027","c1de18eb7f4bcde22b43c33f5aa2f2a281a0a12040ac579595087186cdfe1f2b","False"
"scripts/save_all_blocks.py","571","45fd67d9a7dfcb65d02388eaf83371574614021f6e11368a067ca739b4bf4ad1","False"
"scripts/save_knight_crops.py","568","3a906ce5b5ff2c323c682efc94ad619af0ed815237d43e37b5d8b134f7430f65","False"
"scripts/scan_knight_blocks.py","640","788340abf3fff27b6c6db27f13d938c999fdbe893017ca89ff31228247b44b93","False"
"scripts/survey_kingdom_terrain_v3.py","15396","4efcf12d0efdad86483df0ea08080fda588e5fe49a5bb7a6a8e46dab9eb1f0b1","False"
"scripts/task1_measure_and_manifest.py","18368","57ace0f9d023347d25375aae70f5ffdec011db4db600419c80dac45714c72f49","False"
"scripts/task1_prepare_kingdom_recovery.py","16682","4f61409f46373888a0ffd54f99a6e36f1134b55d58238746381b7dfc5985e640","False"
"scripts/task2_prepare_73_packs.py","8522","a6c681a85290e82214bf95a97d3b2093d39e0e9ab26a505941413ee66c3d69fa","False"
"scripts/task4_production_and_cleanup.py","11689","7da76a1d349169810ba80e5c35111ce76f8ddb367bbd4c8637d8b2066cc1e2e3","False"
"scripts/test_bare_base_reconstruct.py","4319","cbc5b6086909c390c2a0773b246b0783ce7be6c7816f9503fb354962a320eea3","False"
"scripts/test_clean_substitutions.py","2747","cbfe7c539f0f7199a99a1628964bb195032487fd5d0bc70d65e197c9991b4bb4","False"
"scripts/test_gcloud_auth.py","1246","9fc6eb089eed61c798e0002aee5ee528c0244d591de9a409b0eae54175aeb979","False"
"scripts/test_grey_extraction.py","2557","a64a9c742c61dc3555023d39e16a5f896b7acc03172592477e7319b2da2711be","False"
"scripts/test_inspect_knight.py","946","f486c0eff5660b7d8f5ebcf4627bd3661e1ed937352ef20bd8ba0ab5dd3232ec","False"
"scripts/test_load_components.py","842","e0c63e734a3de86e72a630c4aae31d797c40a18c0bb402b4c874e1fcb4453b72","False"
"scripts/test_magenta_despill.py","979","565a43a8603d3afe8482ea65f8d7aaf1a02fa9b4678b510624305ffcea08a5cd","False"
"scripts/test_magenta_extraction.py","2351","c77b2683481282424c33a1cc2ae064412f4a1df48c4f65aab14c752de6275a20","False"
"scripts/test_paths.py","910","52d0bf405649f7041269da654c6e3bd639f745298930364bacdd14981d1aea2d","False"
"scripts/test_portrait_centering.py","1378","0080aca0291e0e92de9061742d948e252b3de49780d1aba338c4760754fd4c15","False"
"scripts/test_portrait_crops.py","1025","381b7189677e46ffde4c725650ce05c5eda3ce9aa7c15c6f485a9760ae4c18ff","False"
"scripts/test_portrait_landmarks_calibration.py","1914","c7deb21113cbbe1000fcd5d27047c9bb5bb27d58e570754a33ded17c8cff62d0","False"
"scripts/test_render_guide.py","3695","98cfd5cc089a1bfbf557b9e0aae9bb5b954af348196a0a6e0c1ac9538011bdeb","False"
"scripts/test_rig_framework.py","2110","33688c241d8e02785d2c744ad2fb5e11be5ff3d10f4733efff2f004f90c4558f","False"
"scripts/test_runner_continuity_offline.py","19926","7457996f210b4689a2b08ea7f153aae6ebb547da771056705ffb81805c11d36a","False"
"scripts/thumb_warlock.py","496","02e3eda56dc34da1eebf2a05568525bd23d4ab3202fc0f1f52048a1c83522750","False"
"scripts/update_handoff_banners.py","2695","b43fcff9f1562d77479617d24bcc7cc00448a03e0384b2714c87e715a38b638a","False"
"scripts/verify_all_38_portrait_crops.py","2365","c86bc6f92a0d2f19692025ad204b5ebb6edc76a8cabc8977b475e93e50ccad58","False"
"scripts/verify_existing_24.py","782","5d93ab3a21b849176c6fd0f4da46c13492d17a89e51ea0ae1daf960ccc7d14ad","False"
"scripts/verify_layout_geometry.py","2717","aa1ea18d1b31bc454ebc602fea027fa39445826a490020b2349f3f7fbac40065","False"
